date,location,new_cases,new_deaths,total_cases,total_deaths,weekly_cases,weekly_deaths,biweekly_cases,biweekly_deaths
2020-01-26,Australia,4.0,,4.0,,,,,
2020-01-27,Australia,1.0,,5.0,,,,,
2020-01-28,Australia,0.0,,5.0,,,,,
2020-01-29,Australia,1.0,,6.0,,,,,
2020-01-30,Australia,3.0,,9.0,,,,,
2020-01-31,Australia,0.0,,9.0,,9.0,,,
2020-02-01,Australia,3.0,,12.0,,12.0,,,
2020-02-02,Australia,0.0,,12.0,,8.0,,,
2020-02-03,Australia,0.0,,12.0,,7.0,,,
2020-02-04,Australia,1.0,,13.0,,8.0,,,
2020-02-05,Australia,0.0,,13.0,,7.0,,,
2020-02-06,Australia,1.0,,14.0,,5.0,,,
2020-02-07,Australia,1.0,,15.0,,6.0,,15.0,
2020-02-08,Australia,0.0,,15.0,,3.0,,15.0,
2020-02-09,Australia,0.0,,15.0,,3.0,,11.0,
2020-02-10,Australia,0.0,,15.0,,3.0,,10.0,
2020-02-11,Australia,0.0,,15.0,,2.0,,10.0,
2020-02-12,Australia,0.0,,15.0,,2.0,,9.0,
2020-02-13,Australia,0.0,,15.0,,1.0,,6.0,
2020-02-14,Australia,0.0,,15.0,,0.0,,6.0,
2020-02-15,Australia,0.0,,15.0,,0.0,,3.0,
2020-02-16,Australia,0.0,,15.0,,0.0,,3.0,
2020-02-17,Australia,0.0,,15.0,,0.0,,3.0,
2020-02-18,Australia,0.0,,15.0,,0.0,,2.0,
2020-02-19,Australia,0.0,,15.0,,0.0,,2.0,
2020-02-20,Australia,0.0,,15.0,,0.0,,1.0,
2020-02-21,Australia,0.0,,15.0,,0.0,,0.0,
2020-02-22,Australia,0.0,,15.0,,0.0,,0.0,
2020-02-23,Australia,0.0,,15.0,,0.0,,0.0,
2020-02-24,Australia,0.0,,15.0,,0.0,,0.0,
2020-02-25,Australia,0.0,,15.0,,0.0,,0.0,
2020-02-26,Australia,0.0,,15.0,,0.0,,0.0,
2020-02-27,Australia,0.0,,15.0,,0.0,,0.0,
2020-02-28,Australia,0.0,,15.0,,0.0,,0.0,
2020-02-29,Australia,10.0,,25.0,,10.0,,10.0,
2020-03-01,Australia,2.0,1.0,27.0,1.0,12.0,,12.0,
2020-03-02,Australia,3.0,0.0,30.0,1.0,15.0,,15.0,
2020-03-03,Australia,9.0,0.0,39.0,1.0,24.0,,24.0,
2020-03-04,Australia,13.0,1.0,52.0,2.0,37.0,,37.0,
2020-03-05,Australia,3.0,0.0,55.0,2.0,40.0,,40.0,
2020-03-06,Australia,5.0,0.0,60.0,2.0,45.0,2.0,45.0,
2020-03-07,Australia,3.0,0.0,63.0,2.0,38.0,2.0,48.0,
2020-03-08,Australia,13.0,1.0,76.0,3.0,49.0,2.0,61.0,
2020-03-09,Australia,15.0,0.0,91.0,3.0,61.0,2.0,76.0,
2020-03-10,Australia,16.0,0.0,107.0,3.0,68.0,2.0,92.0,
2020-03-11,Australia,21.0,0.0,128.0,3.0,76.0,1.0,113.0,
2020-03-12,Australia,0.0,0.0,128.0,3.0,73.0,1.0,113.0,
2020-03-13,Australia,72.0,0.0,200.0,3.0,140.0,1.0,185.0,3.0
2020-03-14,Australia,50.0,0.0,250.0,3.0,187.0,1.0,225.0,3.0
2020-03-15,Australia,47.0,0.0,297.0,3.0,221.0,0.0,270.0,2.0
2020-03-16,Australia,80.0,0.0,377.0,3.0,286.0,0.0,347.0,2.0
2020-03-17,Australia,75.0,2.0,452.0,5.0,345.0,2.0,413.0,4.0
2020-03-18,Australia,116.0,1.0,568.0,6.0,440.0,3.0,516.0,4.0
2020-03-19,Australia,113.0,0.0,681.0,6.0,553.0,3.0,626.0,4.0
2020-03-20,Australia,110.0,1.0,791.0,7.0,591.0,4.0,731.0,5.0
2020-03-21,Australia,280.0,0.0,1071.0,7.0,821.0,4.0,1008.0,5.0
2020-03-22,Australia,478.0,0.0,1549.0,7.0,1252.0,4.0,1473.0,4.0
2020-03-23,Australia,133.0,0.0,1682.0,7.0,1305.0,4.0,1591.0,4.0
2020-03-24,Australia,362.0,1.0,2044.0,8.0,1592.0,3.0,1937.0,5.0
2020-03-25,Australia,320.0,0.0,2364.0,8.0,1796.0,2.0,2236.0,5.0
2020-03-26,Australia,446.0,5.0,2810.0,13.0,2129.0,7.0,2682.0,10.0
2020-03-27,Australia,333.0,0.0,3143.0,13.0,2352.0,6.0,2943.0,10.0
2020-03-28,Australia,497.0,1.0,3640.0,14.0,2569.0,7.0,3390.0,11.0
2020-03-29,Australia,344.0,2.0,3984.0,16.0,2435.0,9.0,3687.0,13.0
2020-03-30,Australia,377.0,1.0,4361.0,17.0,2679.0,10.0,3984.0,14.0
2020-03-31,Australia,198.0,1.0,4559.0,18.0,2515.0,10.0,4107.0,13.0
2020-04-01,Australia,303.0,2.0,4862.0,20.0,2498.0,12.0,4294.0,14.0
2020-04-02,Australia,254.0,4.0,5116.0,24.0,2306.0,11.0,4435.0,18.0
2020-04-03,Australia,214.0,4.0,5330.0,28.0,2187.0,15.0,4539.0,21.0
2020-04-04,Australia,220.0,2.0,5550.0,30.0,1910.0,16.0,4479.0,23.0
2020-04-05,Australia,137.0,5.0,5687.0,35.0,1703.0,19.0,4138.0,28.0
2020-04-06,Australia,110.0,5.0,5797.0,40.0,1436.0,23.0,4115.0,33.0
2020-04-07,Australia,98.0,5.0,5895.0,45.0,1336.0,27.0,3851.0,37.0
2020-04-08,Australia,115.0,5.0,6010.0,50.0,1148.0,30.0,3646.0,42.0
2020-04-09,Australia,98.0,1.0,6108.0,51.0,992.0,27.0,3298.0,38.0
2020-04-10,Australia,107.0,3.0,6215.0,54.0,885.0,26.0,3072.0,41.0
2020-04-11,Australia,88.0,3.0,6303.0,57.0,753.0,27.0,2663.0,43.0
2020-04-12,Australia,12.0,3.0,6315.0,60.0,628.0,25.0,2331.0,44.0
2020-04-13,Australia,36.0,1.0,6351.0,61.0,554.0,21.0,1990.0,44.0
2020-04-14,Australia,64.0,1.0,6415.0,62.0,520.0,17.0,1856.0,44.0
2020-04-15,Australia,25.0,1.0,6440.0,63.0,430.0,13.0,1578.0,43.0
2020-04-16,Australia,22.0,0.0,6462.0,63.0,354.0,12.0,1346.0,39.0
2020-04-17,Australia,60.0,3.0,6522.0,66.0,307.0,12.0,1192.0,38.0
2020-04-18,Australia,46.0,1.0,6568.0,67.0,265.0,10.0,1018.0,37.0
2020-04-19,Australia,42.0,0.0,6610.0,67.0,295.0,7.0,923.0,32.0
2020-04-20,Australia,13.0,0.0,6623.0,67.0,272.0,6.0,826.0,27.0
2020-04-21,Australia,22.0,0.0,6645.0,67.0,230.0,5.0,750.0,22.0
2020-04-22,Australia,7.0,0.0,6652.0,67.0,212.0,4.0,642.0,17.0
2020-04-23,Australia,10.0,8.0,6662.0,75.0,200.0,12.0,554.0,24.0
2020-04-24,Australia,15.0,4.0,6677.0,79.0,155.0,13.0,462.0,25.0
2020-04-25,Australia,17.0,1.0,6694.0,80.0,126.0,13.0,391.0,23.0
2020-04-26,Australia,20.0,3.0,6714.0,83.0,104.0,16.0,399.0,23.0
2020-04-27,Australia,7.0,0.0,6721.0,83.0,98.0,16.0,370.0,22.0
2020-04-28,Australia,23.0,6.0,6744.0,89.0,99.0,22.0,329.0,27.0
2020-04-29,Australia,8.0,2.0,6752.0,91.0,100.0,24.0,312.0,28.0
2020-04-30,Australia,14.0,2.0,6766.0,93.0,104.0,18.0,304.0,30.0
2020-05-01,Australia,12.0,0.0,6778.0,93.0,101.0,14.0,256.0,27.0
2020-05-02,Australia,21.0,1.0,6799.0,94.0,105.0,14.0,231.0,27.0
2020-05-03,Australia,23.0,1.0,6822.0,95.0,108.0,12.0,212.0,28.0
2020-05-04,Australia,25.0,1.0,6847.0,96.0,126.0,13.0,224.0,29.0
2020-05-05,Australia,28.0,1.0,6875.0,97.0,131.0,8.0,230.0,30.0
2020-05-06,Australia,19.0,0.0,6894.0,97.0,142.0,6.0,242.0,30.0
2020-05-07,Australia,19.0,0.0,6913.0,97.0,147.0,4.0,251.0,22.0
2020-05-08,Australia,5.0,0.0,6918.0,97.0,140.0,4.0,241.0,18.0
2020-05-09,Australia,21.0,0.0,6939.0,97.0,140.0,3.0,245.0,17.0
2020-05-10,Australia,9.0,0.0,6948.0,97.0,126.0,2.0,234.0,14.0
2020-05-11,Australia,22.0,0.0,6970.0,97.0,123.0,1.0,249.0,14.0
2020-05-12,Australia,10.0,1.0,6980.0,98.0,105.0,1.0,236.0,9.0
2020-05-13,Australia,9.0,0.0,6989.0,98.0,95.0,1.0,237.0,7.0
2020-05-14,Australia,30.0,0.0,7019.0,98.0,106.0,1.0,253.0,5.0
2020-05-15,Australia,16.0,0.0,7035.0,98.0,117.0,1.0,257.0,5.0
2020-05-16,Australia,9.0,0.0,7044.0,98.0,105.0,1.0,245.0,4.0
2020-05-17,Australia,10.0,1.0,7054.0,99.0,106.0,2.0,232.0,4.0
2020-05-18,Australia,14.0,0.0,7068.0,99.0,98.0,2.0,221.0,3.0
2020-05-19,Australia,4.0,1.0,7072.0,100.0,92.0,2.0,197.0,3.0
2020-05-20,Australia,9.0,0.0,7081.0,100.0,92.0,2.0,187.0,3.0
2020-05-21,Australia,14.0,1.0,7095.0,101.0,76.0,3.0,182.0,4.0
2020-05-22,Australia,4.0,0.0,7099.0,101.0,64.0,3.0,181.0,4.0
2020-05-23,Australia,15.0,1.0,7114.0,102.0,70.0,4.0,175.0,5.0
2020-05-24,Australia,0.0,0.0,7114.0,102.0,60.0,3.0,166.0,5.0
2020-05-25,Australia,12.0,0.0,7126.0,102.0,58.0,3.0,156.0,5.0
2020-05-26,Australia,13.0,1.0,7139.0,103.0,67.0,3.0,159.0,5.0
2020-05-27,Australia,11.0,0.0,7150.0,103.0,69.0,3.0,161.0,5.0
2020-05-28,Australia,15.0,0.0,7165.0,103.0,70.0,2.0,146.0,5.0
2020-05-29,Australia,19.0,0.0,7184.0,103.0,85.0,2.0,149.0,5.0
2020-05-30,Australia,8.0,0.0,7192.0,103.0,78.0,1.0,148.0,5.0
2020-05-31,Australia,10.0,0.0,7202.0,103.0,88.0,1.0,148.0,4.0
2020-06-01,Australia,19.0,,7221.0,102.0,95.0,,153.0,
2020-06-02,Australia,8.0,0.0,7229.0,102.0,90.0,0.0,157.0,3.0
2020-06-03,Australia,11.0,0.0,7240.0,102.0,90.0,0.0,159.0,3.0
2020-06-04,Australia,7.0,0.0,7247.0,102.0,82.0,0.0,152.0,2.0
2020-06-05,Australia,5.0,0.0,7252.0,102.0,68.0,0.0,153.0,2.0
2020-06-06,Australia,7.0,0.0,7259.0,102.0,67.0,0.0,145.0,1.0
2020-06-07,Australia,6.0,0.0,7265.0,102.0,63.0,0.0,151.0,1.0
2020-06-08,Australia,2.0,0.0,7267.0,102.0,46.0,0.0,141.0,1.0
2020-06-09,Australia,7.0,0.0,7274.0,102.0,45.0,0.0,135.0,0.0
2020-06-10,Australia,11.0,0.0,7285.0,102.0,45.0,0.0,135.0,0.0
2020-06-11,Australia,4.0,0.0,7289.0,102.0,42.0,0.0,124.0,0.0
2020-06-12,Australia,5.0,0.0,7294.0,102.0,42.0,0.0,110.0,0.0
2020-06-13,Australia,26.0,0.0,7320.0,102.0,61.0,0.0,128.0,0.0
2020-06-14,Australia,15.0,0.0,7335.0,102.0,70.0,0.0,133.0,0.0
2020-06-15,Australia,12.0,0.0,7347.0,102.0,80.0,0.0,126.0,0.0
2020-06-16,Australia,23.0,0.0,7370.0,102.0,96.0,0.0,141.0,0.0
2020-06-17,Australia,21.0,0.0,7391.0,102.0,106.0,0.0,151.0,0.0
2020-06-18,Australia,18.0,0.0,7409.0,102.0,120.0,0.0,162.0,0.0
2020-06-19,Australia,2.0,0.0,7411.0,102.0,117.0,0.0,159.0,0.0
2020-06-20,Australia,50.0,0.0,7461.0,102.0,141.0,0.0,202.0,0.0
2020-06-21,Australia,13.0,0.0,7474.0,102.0,139.0,0.0,209.0,0.0
2020-06-22,Australia,18.0,0.0,7492.0,102.0,145.0,0.0,225.0,0.0
2020-06-23,Australia,29.0,1.0,7521.0,103.0,151.0,1.0,247.0,1.0
2020-06-24,Australia,37.0,1.0,7558.0,104.0,167.0,2.0,273.0,2.0
2020-06-25,Australia,37.0,0.0,7595.0,104.0,186.0,2.0,306.0,2.0
2020-06-26,Australia,6.0,0.0,7601.0,104.0,190.0,2.0,307.0,2.0
2020-06-27,Australia,85.0,0.0,7686.0,104.0,225.0,2.0,366.0,2.0
2020-06-28,Australia,78.0,0.0,7764.0,104.0,290.0,2.0,429.0,2.0
2020-06-29,Australia,70.0,0.0,7834.0,104.0,342.0,2.0,487.0,2.0
2020-06-30,Australia,86.0,0.0,7920.0,104.0,399.0,1.0,550.0,2.0
2020-07-01,Australia,81.0,0.0,8001.0,104.0,443.0,0.0,610.0,2.0
2020-07-02,Australia,65.0,0.0,8066.0,104.0,471.0,0.0,657.0,2.0
2020-07-03,Australia,194.0,0.0,8260.0,104.0,659.0,0.0,849.0,2.0
2020-07-04,Australia,183.0,0.0,8443.0,104.0,757.0,0.0,982.0,2.0
2020-07-05,Australia,140.0,2.0,8583.0,106.0,819.0,2.0,1109.0,4.0
2020-07-06,Australia,172.0,0.0,8755.0,106.0,921.0,2.0,1263.0,4.0
2020-07-07,Australia,131.0,0.0,8886.0,106.0,966.0,2.0,1365.0,3.0
2020-07-08,Australia,170.0,0.0,9056.0,106.0,1055.0,2.0,1498.0,2.0
2020-07-09,Australia,318.0,0.0,9374.0,106.0,1308.0,2.0,1779.0,2.0
2020-07-10,Australia,179.0,1.0,9553.0,107.0,1293.0,3.0,1952.0,3.0
2020-07-11,Australia,244.0,1.0,9797.0,108.0,1354.0,4.0,2111.0,4.0
2020-07-12,Australia,183.0,0.0,9980.0,108.0,1397.0,2.0,2216.0,4.0
2020-07-13,Australia,271.0,0.0,10251.0,108.0,1496.0,2.0,2417.0,4.0
2020-07-14,Australia,236.0,3.0,10487.0,111.0,1601.0,5.0,2567.0,7.0
2020-07-15,Australia,323.0,2.0,10810.0,113.0,1754.0,7.0,2809.0,9.0
2020-07-16,Australia,423.0,3.0,11233.0,116.0,1859.0,10.0,3167.0,12.0
2020-07-17,Australia,208.0,2.0,11441.0,118.0,1888.0,11.0,3181.0,14.0
2020-07-18,Australia,361.0,4.0,11802.0,122.0,2005.0,14.0,3359.0,18.0
2020-07-19,Australia,267.0,1.0,12069.0,123.0,2089.0,15.0,3486.0,17.0
2020-07-20,Australia,359.0,3.0,12428.0,126.0,2177.0,18.0,3673.0,20.0
2020-07-21,Australia,466.0,2.0,12894.0,128.0,2407.0,17.0,4008.0,22.0
2020-07-22,Australia,408.0,5.0,13302.0,133.0,2492.0,20.0,4246.0,27.0
2020-07-23,Australia,293.0,6.0,13595.0,139.0,2362.0,23.0,4221.0,33.0
2020-07-24,Australia,355.0,6.0,13950.0,145.0,2509.0,27.0,4397.0,38.0
2020-07-25,Australia,453.0,10.0,14403.0,155.0,2601.0,33.0,4606.0,47.0
2020-07-26,Australia,532.0,6.0,14935.0,161.0,2866.0,38.0,4955.0,53.0
2020-07-27,Australia,368.0,6.0,15303.0,167.0,2875.0,41.0,5052.0,59.0
2020-07-28,Australia,279.0,9.0,15582.0,176.0,2688.0,48.0,5095.0,65.0
2020-07-29,Australia,716.0,13.0,16298.0,189.0,2996.0,56.0,5488.0,76.0
2020-07-30,Australia,605.0,7.0,16903.0,196.0,3308.0,57.0,5670.0,80.0
2020-07-31,Australia,377.0,5.0,17280.0,201.0,3330.0,56.0,5839.0,83.0
2020-08-01,Australia,615.0,7.0,17895.0,208.0,3492.0,53.0,6093.0,86.0
2020-08-02,Australia,423.0,13.0,18318.0,221.0,3383.0,60.0,6249.0,98.0
2020-08-03,Australia,412.0,11.0,18730.0,232.0,3427.0,65.0,6302.0,106.0
2020-08-04,Australia,715.0,15.0,19445.0,247.0,3863.0,71.0,6551.0,119.0
2020-08-05,Australia,445.0,8.0,19890.0,255.0,3592.0,66.0,6588.0,122.0
2020-08-06,Australia,382.0,11.0,20272.0,266.0,3369.0,70.0,6677.0,127.0
2020-08-07,Australia,426.0,12.0,20698.0,278.0,3418.0,77.0,6748.0,133.0
2020-08-08,Australia,386.0,17.0,21084.0,295.0,3189.0,87.0,6681.0,140.0
2020-08-09,Australia,313.0,18.0,21397.0,313.0,3079.0,92.0,6462.0,152.0
2020-08-10,Australia,316.0,18.0,21713.0,331.0,2983.0,99.0,6410.0,164.0
2020-08-11,Australia,414.0,21.0,22127.0,352.0,2682.0,105.0,6545.0,176.0
2020-08-12,Australia,231.0,9.0,22358.0,361.0,2468.0,106.0,6060.0,172.0
2020-08-13,Australia,384.0,14.0,22742.0,375.0,2470.0,109.0,5839.0,179.0
2020-08-14,Australia,293.0,4.0,23035.0,379.0,2337.0,101.0,5755.0,178.0
2020-08-15,Australia,252.0,17.0,23287.0,396.0,2203.0,101.0,5392.0,188.0
2020-08-16,Australia,271.0,25.0,23558.0,421.0,2161.0,108.0,5240.0,200.0
2020-08-17,Australia,215.0,17.0,23773.0,438.0,2060.0,107.0,5043.0,206.0
2020-08-18,Australia,216.0,12.0,23989.0,450.0,1862.0,98.0,4544.0,203.0
2020-08-19,Australia,247.0,13.0,24236.0,463.0,1878.0,102.0,4346.0,208.0
2020-08-20,Australia,171.0,9.0,24407.0,472.0,1665.0,97.0,4135.0,206.0
2020-08-21,Australia,195.0,13.0,24602.0,485.0,1567.0,106.0,3904.0,207.0
2020-08-22,Australia,209.0,17.0,24811.0,502.0,1524.0,106.0,3727.0,207.0
2020-08-23,Australia,104.0,15.0,24915.0,517.0,1357.0,96.0,3518.0,204.0
2020-08-24,Australia,138.0,8.0,25053.0,525.0,1280.0,87.0,3340.0,194.0
2020-08-25,Australia,151.0,24.0,25204.0,549.0,1215.0,99.0,3077.0,197.0
2020-08-26,Australia,118.0,23.0,25322.0,572.0,1086.0,109.0,2964.0,211.0
2020-08-27,Australia,126.0,11.0,25448.0,583.0,1041.0,111.0,2706.0,208.0
2020-08-28,Australia,99.0,17.0,25547.0,600.0,945.0,115.0,2512.0,221.0
2020-08-29,Australia,123.0,11.0,25670.0,611.0,859.0,109.0,2383.0,215.0
2020-08-30,Australia,76.0,41.0,25746.0,652.0,831.0,135.0,2188.0,231.0
2020-08-31,Australia,73.0,5.0,25819.0,657.0,766.0,132.0,2046.0,219.0
2020-09-01,Australia,104.0,6.0,25923.0,663.0,719.0,114.0,1934.0,213.0
2020-09-02,Australia,126.0,15.0,26049.0,678.0,727.0,106.0,1813.0,215.0
2020-09-03,Australia,87.0,59.0,26136.0,737.0,688.0,154.0,1729.0,265.0
2020-09-04,Australia,71.0,11.0,26207.0,748.0,660.0,148.0,1605.0,263.0
2020-09-05,Australia,71.0,5.0,26278.0,753.0,608.0,142.0,1467.0,251.0
2020-09-06,Australia,43.0,9.0,26321.0,762.0,575.0,110.0,1406.0,245.0
2020-09-07,Australia,52.0,8.0,26373.0,770.0,554.0,113.0,1320.0,245.0
2020-09-08,Australia,92.0,11.0,26465.0,781.0,542.0,118.0,1261.0,232.0
2020-09-09,Australia,59.0,7.0,26524.0,788.0,475.0,110.0,1202.0,216.0
2020-09-10,Australia,40.0,9.0,26564.0,797.0,428.0,60.0,1116.0,214.0
2020-09-11,Australia,43.0,6.0,26607.0,803.0,400.0,55.0,1060.0,203.0
2020-09-12,Australia,44.0,7.0,26651.0,810.0,373.0,57.0,981.0,199.0
2020-09-13,Australia,41.0,6.0,26692.0,816.0,371.0,54.0,946.0,164.0
2020-09-14,Australia,47.0,0.0,26739.0,816.0,366.0,46.0,920.0,159.0
2020-09-15,Australia,39.0,8.0,26778.0,824.0,313.0,43.0,855.0,161.0
2020-09-16,Australia,35.0,8.0,26813.0,832.0,289.0,44.0,764.0,154.0
2020-09-17,Australia,48.0,5.0,26861.0,837.0,297.0,40.0,725.0,100.0
2020-09-18,Australia,24.0,7.0,26885.0,844.0,278.0,41.0,678.0,96.0
2020-09-19,Australia,13.0,5.0,26898.0,849.0,247.0,39.0,620.0,96.0
2020-09-20,Australia,14.0,2.0,26912.0,851.0,220.0,35.0,591.0,89.0
2020-09-21,Australia,30.0,3.0,26942.0,854.0,203.0,38.0,569.0,84.0
2020-09-22,Australia,30.0,5.0,26972.0,859.0,194.0,35.0,507.0,78.0
2020-09-23,Australia,8.0,2.0,26980.0,861.0,167.0,29.0,456.0,73.0
2020-09-24,Australia,20.0,8.0,27000.0,869.0,139.0,32.0,436.0,72.0
2020-09-25,Australia,16.0,1.0,27016.0,870.0,131.0,26.0,409.0,67.0
2020-09-26,Australia,24.0,2.0,27040.0,872.0,142.0,23.0,389.0,62.0
2020-09-27,Australia,4.0,3.0,27044.0,875.0,132.0,24.0,352.0,59.0
2020-09-28,Australia,11.0,7.0,27055.0,882.0,113.0,28.0,316.0,66.0
2020-09-29,Australia,23.0,4.0,27078.0,886.0,106.0,27.0,300.0,62.0
2020-09-30,Australia,18.0,2.0,27096.0,888.0,116.0,27.0,283.0,56.0
2020-10-01,Australia,13.0,2.0,27109.0,890.0,109.0,21.0,248.0,53.0
2020-10-02,Australia,12.0,3.0,27121.0,893.0,105.0,23.0,236.0,49.0
2020-10-03,Australia,14.0,1.0,27135.0,894.0,95.0,22.0,237.0,45.0
2020-10-04,Australia,13.0,0.0,27148.0,894.0,104.0,19.0,236.0,43.0
2020-10-05,Australia,25.0,1.0,27173.0,895.0,118.0,13.0,231.0,41.0
2020-10-06,Australia,8.0,2.0,27181.0,897.0,103.0,11.0,209.0,38.0
2020-10-07,Australia,25.0,0.0,27206.0,897.0,110.0,9.0,226.0,36.0
2020-10-08,Australia,20.0,0.0,27226.0,897.0,117.0,7.0,226.0,28.0
2020-10-09,Australia,18.0,0.0,27244.0,897.0,123.0,4.0,228.0,27.0
2020-10-10,Australia,19.0,1.0,27263.0,898.0,128.0,4.0,223.0,26.0
2020-10-11,Australia,22.0,0.0,27285.0,898.0,137.0,4.0,241.0,23.0
2020-10-12,Australia,25.0,1.0,27310.0,899.0,137.0,4.0,255.0,17.0
2020-10-13,Australia,27.0,5.0,27337.0,904.0,156.0,7.0,259.0,18.0
2020-10-14,Australia,20.0,0.0,27357.0,904.0,151.0,7.0,261.0,16.0
2020-10-15,Australia,14.0,0.0,27371.0,904.0,145.0,7.0,262.0,14.0
2020-10-16,Australia,7.0,0.0,27378.0,904.0,134.0,7.0,257.0,11.0
2020-10-17,Australia,12.0,0.0,27390.0,904.0,127.0,6.0,255.0,10.0
2020-10-18,Australia,9.0,1.0,27399.0,905.0,114.0,7.0,251.0,11.0
2020-10-19,Australia,6.0,0.0,27405.0,905.0,95.0,6.0,232.0,10.0
2020-10-20,Australia,38.0,0.0,27443.0,905.0,106.0,1.0,262.0,8.0
2020-10-21,Australia,15.0,0.0,27458.0,905.0,101.0,1.0,252.0,8.0
2020-10-22,Australia,18.0,0.0,27476.0,905.0,105.0,1.0,250.0,8.0
2020-10-23,Australia,19.0,0.0,27495.0,905.0,117.0,1.0,251.0,8.0
2020-10-24,Australia,18.0,0.0,27513.0,905.0,123.0,1.0,250.0,7.0
2020-10-25,Australia,12.0,0.0,27525.0,905.0,126.0,0.0,240.0,7.0
2020-10-26,Australia,14.0,0.0,27539.0,905.0,134.0,0.0,229.0,6.0
2020-10-27,Australia,14.0,2.0,27553.0,907.0,110.0,2.0,216.0,3.0
2020-10-28,Australia,12.0,0.0,27565.0,907.0,107.0,2.0,208.0,3.0
2020-10-29,Australia,14.0,0.0,27579.0,907.0,103.0,2.0,208.0,3.0
2020-10-30,Australia,6.0,0.0,27585.0,907.0,90.0,2.0,207.0,3.0
2020-10-31,Australia,10.0,0.0,27595.0,907.0,82.0,2.0,205.0,3.0
2020-11-01,Australia,6.0,0.0,27601.0,907.0,76.0,2.0,202.0,2.0
2020-11-02,Australia,9.0,0.0,27610.0,907.0,71.0,2.0,205.0,2.0
2020-11-03,Australia,12.0,0.0,27622.0,907.0,69.0,0.0,179.0,2.0
2020-11-04,Australia,8.0,0.0,27630.0,907.0,65.0,0.0,172.0,2.0
2020-11-05,Australia,14.0,0.0,27644.0,907.0,65.0,0.0,168.0,2.0
2020-11-06,Australia,8.0,0.0,27652.0,907.0,67.0,0.0,157.0,2.0
2020-11-07,Australia,6.0,0.0,27658.0,907.0,63.0,0.0,145.0,2.0
2020-11-08,Australia,7.0,0.0,27665.0,907.0,64.0,0.0,140.0,2.0
2020-11-09,Australia,4.0,0.0,27669.0,907.0,59.0,0.0,130.0,2.0
2020-11-10,Australia,2.0,0.0,27671.0,907.0,49.0,0.0,118.0,0.0
2020-11-11,Australia,4.0,0.0,27675.0,907.0,45.0,0.0,110.0,0.0
2020-11-12,Australia,1.0,0.0,27676.0,907.0,32.0,0.0,97.0,0.0
2020-11-13,Australia,6.0,0.0,27682.0,907.0,30.0,0.0,97.0,0.0
2020-11-14,Australia,29.0,0.0,27711.0,907.0,53.0,0.0,116.0,0.0
2020-11-15,Australia,38.0,0.0,27749.0,907.0,84.0,0.0,148.0,0.0
2020-11-16,Australia,9.0,0.0,27758.0,907.0,89.0,0.0,148.0,0.0
2020-11-17,Australia,19.0,0.0,27777.0,907.0,106.0,0.0,155.0,0.0
2020-11-18,Australia,8.0,0.0,27785.0,907.0,110.0,0.0,155.0,0.0
2020-11-19,Australia,7.0,0.0,27792.0,907.0,116.0,0.0,148.0,0.0
2020-11-20,Australia,14.0,0.0,27806.0,907.0,124.0,0.0,154.0,0.0
2020-11-21,Australia,15.0,0.0,27821.0,907.0,110.0,0.0,163.0,0.0
2020-11-22,Australia,13.0,0.0,27834.0,907.0,85.0,0.0,169.0,0.0
2020-11-23,Australia,9.0,0.0,27843.0,907.0,85.0,0.0,174.0,0.0
2020-11-24,Australia,10.0,0.0,27853.0,907.0,76.0,0.0,182.0,0.0
2020-11-25,Australia,12.0,0.0,27865.0,907.0,80.0,0.0,190.0,0.0
2020-11-26,Australia,8.0,0.0,27873.0,907.0,81.0,0.0,197.0,0.0
2020-11-27,Australia,13.0,0.0,27886.0,907.0,80.0,0.0,204.0,0.0
2020-11-28,Australia,6.0,0.0,27892.0,907.0,71.0,0.0,181.0,0.0
2020-11-29,Australia,10.0,1.0,27902.0,908.0,68.0,1.0,153.0,1.0
2020-11-30,Australia,10.0,0.0,27912.0,908.0,69.0,1.0,154.0,1.0
2020-12-01,Australia,11.0,0.0,27923.0,908.0,70.0,1.0,146.0,1.0
2020-12-02,Australia,16.0,0.0,27939.0,908.0,74.0,1.0,154.0,1.0
2020-12-03,Australia,10.0,0.0,27949.0,908.0,76.0,1.0,157.0,1.0
2020-12-04,Australia,7.0,0.0,27956.0,908.0,70.0,1.0,150.0,1.0
2020-12-05,Australia,9.0,0.0,27965.0,908.0,73.0,1.0,144.0,1.0
2020-12-06,Australia,7.0,0.0,27972.0,908.0,70.0,0.0,138.0,1.0
2020-12-07,Australia,15.0,0.0,27987.0,908.0,75.0,0.0,144.0,1.0
2020-12-08,Australia,6.0,0.0,27993.0,908.0,70.0,0.0,140.0,1.0
2020-12-09,Australia,7.0,0.0,28000.0,908.0,61.0,0.0,135.0,1.0
2020-12-10,Australia,11.0,0.0,28011.0,908.0,62.0,0.0,138.0,1.0
2020-12-11,Australia,14.0,0.0,28025.0,908.0,69.0,0.0,139.0,1.0
2020-12-12,Australia,5.0,0.0,28030.0,908.0,65.0,0.0,138.0,1.0
2020-12-13,Australia,7.0,0.0,28037.0,908.0,65.0,0.0,135.0,0.0
2020-12-14,Australia,11.0,0.0,28048.0,908.0,61.0,0.0,136.0,0.0
2020-12-15,Australia,12.0,0.0,28060.0,908.0,67.0,0.0,137.0,0.0
2020-12-16,Australia,12.0,0.0,28072.0,908.0,72.0,0.0,133.0,0.0
2020-12-17,Australia,21.0,0.0,28093.0,908.0,82.0,0.0,144.0,0.0
2020-12-18,Australia,33.0,0.0,28126.0,908.0,101.0,0.0,170.0,0.0
2020-12-19,Australia,42.0,0.0,28168.0,908.0,138.0,0.0,203.0,0.0
2020-12-20,Australia,30.0,0.0,28198.0,908.0,161.0,0.0,226.0,0.0
2020-12-21,Australia,21.0,0.0,28219.0,908.0,171.0,0.0,232.0,0.0
2020-12-22,Australia,18.0,0.0,28237.0,908.0,177.0,0.0,244.0,0.0
2020-12-23,Australia,25.0,0.0,28262.0,908.0,190.0,0.0,262.0,0.0
2020-12-24,Australia,12.0,0.0,28274.0,908.0,181.0,0.0,263.0,0.0
2020-12-25,Australia,23.0,0.0,28297.0,908.0,171.0,0.0,272.0,0.0
2020-12-26,Australia,11.0,0.0,28308.0,908.0,140.0,0.0,278.0,0.0
2020-12-27,Australia,29.0,1.0,28337.0,909.0,139.0,1.0,300.0,1.0
2020-12-28,Australia,12.0,0.0,28349.0,909.0,130.0,1.0,301.0,1.0
2020-12-29,Australia,32.0,0.0,28381.0,909.0,144.0,1.0,321.0,1.0
2020-12-30,Australia,24.0,0.0,28405.0,909.0,143.0,1.0,333.0,1.0
2020-12-31,Australia,20.0,0.0,28425.0,909.0,151.0,1.0,332.0,1.0
2021-01-01,Australia,35.0,0.0,28460.0,909.0,163.0,1.0,334.0,1.0
2021-01-02,Australia,24.0,0.0,28484.0,909.0,176.0,1.0,316.0,1.0
2021-01-03,Australia,20.0,0.0,28504.0,909.0,167.0,0.0,306.0,1.0
2021-01-04,Australia,13.0,0.0,28517.0,909.0,168.0,0.0,298.0,1.0
2021-01-05,Australia,19.0,0.0,28536.0,909.0,155.0,0.0,299.0,1.0
2021-01-06,Australia,10.0,0.0,28546.0,909.0,141.0,0.0,284.0,1.0
2021-01-07,Australia,25.0,0.0,28571.0,909.0,146.0,0.0,297.0,1.0
2021-01-08,Australia,11.0,0.0,28582.0,909.0,122.0,0.0,285.0,1.0
2021-01-09,Australia,13.0,0.0,28595.0,909.0,111.0,0.0,287.0,1.0
2021-01-10,Australia,19.0,0.0,28614.0,909.0,110.0,0.0,277.0,0.0
2021-01-11,Australia,20.0,0.0,28634.0,909.0,117.0,0.0,285.0,0.0
2021-01-12,Australia,16.0,0.0,28650.0,909.0,114.0,0.0,269.0,0.0
2021-01-13,Australia,10.0,0.0,28660.0,909.0,114.0,0.0,255.0,0.0
2021-01-14,Australia,9.0,0.0,28669.0,909.0,98.0,0.0,244.0,0.0
2021-01-15,Australia,20.0,0.0,28689.0,909.0,107.0,0.0,229.0,0.0
2021-01-16,Australia,19.0,0.0,28708.0,909.0,113.0,0.0,224.0,0.0
2021-01-17,Australia,13.0,0.0,28721.0,909.0,107.0,0.0,217.0,0.0
2021-01-18,Australia,10.0,0.0,28731.0,909.0,97.0,0.0,214.0,0.0
2021-01-19,Australia,9.0,0.0,28740.0,909.0,90.0,0.0,204.0,0.0
2021-01-20,Australia,9.0,0.0,28749.0,909.0,89.0,0.0,203.0,0.0
2021-01-21,Australia,6.0,0.0,28755.0,909.0,86.0,0.0,184.0,0.0
2021-01-22,Australia,5.0,0.0,28760.0,909.0,71.0,0.0,178.0,0.0
2021-01-23,Australia,6.0,0.0,28766.0,909.0,58.0,0.0,171.0,0.0
2021-01-24,Australia,11.0,0.0,28777.0,909.0,56.0,0.0,163.0,0.0
2021-01-25,Australia,3.0,0.0,28780.0,909.0,49.0,0.0,146.0,0.0
2021-01-26,Australia,6.0,0.0,28786.0,909.0,46.0,0.0,136.0,0.0
2021-01-27,Australia,8.0,0.0,28794.0,909.0,45.0,0.0,134.0,0.0
2021-01-28,Australia,5.0,0.0,28799.0,909.0,44.0,0.0,130.0,0.0
2021-01-29,Australia,7.0,0.0,28806.0,909.0,46.0,0.0,117.0,0.0
2021-01-30,Australia,5.0,0.0,28811.0,909.0,45.0,0.0,103.0,0.0
2021-01-31,Australia,7.0,0.0,28818.0,909.0,41.0,0.0,97.0,0.0
2021-02-01,Australia,5.0,0.0,28823.0,909.0,43.0,0.0,92.0,0.0
2021-02-02,Australia,6.0,0.0,28829.0,909.0,43.0,0.0,89.0,0.0
2021-02-03,Australia,9.0,0.0,28838.0,909.0,44.0,0.0,89.0,0.0
2021-02-04,Australia,4.0,0.0,28842.0,909.0,43.0,0.0,87.0,0.0
2021-02-05,Australia,6.0,0.0,28848.0,909.0,42.0,0.0,88.0,0.0
2021-02-06,Australia,3.0,0.0,28851.0,909.0,40.0,0.0,85.0,0.0
2021-02-07,Australia,6.0,0.0,28857.0,909.0,39.0,0.0,80.0,0.0
2021-02-08,Australia,3.0,0.0,28860.0,909.0,37.0,0.0,80.0,0.0
2021-02-09,Australia,11.0,0.0,28871.0,909.0,42.0,0.0,85.0,0.0
2021-02-10,Australia,8.0,0.0,28879.0,909.0,41.0,0.0,85.0,0.0
2021-02-11,Australia,8.0,0.0,28887.0,909.0,45.0,0.0,88.0,0.0
2021-02-12,Australia,5.0,0.0,28892.0,909.0,44.0,0.0,86.0,0.0
2021-02-13,Australia,6.0,0.0,28898.0,909.0,47.0,0.0,87.0,0.0
2021-02-14,Australia,2.0,0.0,28900.0,909.0,43.0,0.0,82.0,0.0
2021-02-15,Australia,5.0,0.0,28905.0,909.0,45.0,0.0,82.0,0.0
2021-02-16,Australia,6.0,0.0,28911.0,909.0,40.0,0.0,82.0,0.0
2021-02-17,Australia,1.0,0.0,28912.0,909.0,33.0,0.0,74.0,0.0
2021-02-18,Australia,6.0,0.0,28918.0,909.0,31.0,0.0,76.0,0.0
2021-02-19,Australia,2.0,0.0,28920.0,909.0,28.0,0.0,72.0,0.0
2021-02-20,Australia,6.0,0.0,28926.0,909.0,28.0,0.0,75.0,0.0
2021-02-21,Australia,4.0,0.0,28930.0,909.0,30.0,0.0,73.0,0.0
2021-02-22,Australia,7.0,0.0,28937.0,909.0,32.0,0.0,77.0,0.0
2021-02-23,Australia,2.0,0.0,28939.0,909.0,28.0,0.0,68.0,0.0
2021-02-24,Australia,8.0,0.0,28947.0,909.0,35.0,0.0,68.0,0.0
2021-02-25,Australia,10.0,0.0,28957.0,909.0,39.0,0.0,70.0,0.0
2021-02-26,Australia,8.0,0.0,28965.0,909.0,45.0,0.0,73.0,0.0
2021-02-27,Australia,5.0,0.0,28970.0,909.0,44.0,0.0,72.0,0.0
2021-02-28,Australia,8.0,0.0,28978.0,909.0,48.0,0.0,78.0,0.0
2021-03-01,Australia,8.0,0.0,28986.0,909.0,49.0,0.0,81.0,0.0
2021-03-02,Australia,10.0,0.0,28996.0,909.0,57.0,0.0,85.0,0.0
2021-03-03,Australia,11.0,0.0,29007.0,909.0,60.0,0.0,95.0,0.0
2021-03-04,Australia,14.0,0.0,29021.0,909.0,64.0,0.0,103.0,0.0
2021-03-05,Australia,8.0,0.0,29029.0,909.0,64.0,0.0,109.0,0.0
2021-03-06,Australia,5.0,0.0,29034.0,909.0,64.0,0.0,108.0,0.0
2021-03-07,Australia,12.0,0.0,29046.0,909.0,68.0,0.0,116.0,0.0
2021-03-08,Australia,15.0,0.0,29061.0,909.0,75.0,0.0,124.0,0.0
2021-03-09,Australia,13.0,0.0,29074.0,909.0,78.0,0.0,135.0,0.0
2021-03-10,Australia,16.0,0.0,29090.0,909.0,83.0,0.0,143.0,0.0
2021-03-11,Australia,12.0,0.0,29102.0,909.0,81.0,0.0,145.0,0.0
2021-03-12,Australia,10.0,0.0,29112.0,909.0,83.0,0.0,147.0,0.0
2021-03-13,Australia,5.0,0.0,29117.0,909.0,83.0,0.0,147.0,0.0
2021-03-14,Australia,13.0,0.0,29130.0,909.0,84.0,0.0,152.0,0.0
2021-03-15,Australia,7.0,0.0,29137.0,909.0,76.0,0.0,151.0,0.0
2021-03-16,Australia,17.0,0.0,29154.0,909.0,80.0,0.0,158.0,0.0
2021-03-17,Australia,12.0,0.0,29166.0,909.0,76.0,0.0,159.0,0.0
2021-03-18,Australia,17.0,0.0,29183.0,909.0,81.0,0.0,162.0,0.0
2021-03-19,Australia,9.0,0.0,29192.0,909.0,80.0,0.0,163.0,0.0
2021-03-20,Australia,4.0,0.0,29196.0,909.0,79.0,0.0,162.0,0.0
2021-03-21,Australia,10.0,0.0,29206.0,909.0,76.0,0.0,160.0,0.0
2021-03-22,Australia,5.0,0.0,29211.0,909.0,74.0,0.0,150.0,0.0
2021-03-23,Australia,10.0,0.0,29221.0,909.0,67.0,0.0,147.0,0.0
2021-03-24,Australia,9.0,0.0,29230.0,909.0,64.0,0.0,140.0,0.0
2021-03-25,Australia,9.0,0.0,29239.0,909.0,56.0,0.0,137.0,0.0
2021-03-26,Australia,13.0,0.0,29252.0,909.0,60.0,0.0,140.0,0.0
2021-03-27,Australia,7.0,0.0,29259.0,909.0,63.0,0.0,142.0,0.0
2021-03-28,Australia,17.0,0.0,29276.0,909.0,70.0,0.0,146.0,0.0
2021-03-29,Australia,20.0,0.0,29296.0,909.0,85.0,0.0,159.0,0.0
2021-03-30,Australia,8.0,0.0,29304.0,909.0,83.0,0.0,150.0,0.0
2021-03-31,Australia,18.0,0.0,29322.0,909.0,92.0,0.0,156.0,0.0
2021-04-01,Australia,11.0,0.0,29333.0,909.0,94.0,0.0,150.0,0.0
2021-04-02,Australia,8.0,0.0,29341.0,909.0,89.0,0.0,149.0,0.0
2021-04-03,Australia,7.0,0.0,29348.0,909.0,89.0,0.0,152.0,0.0
2021-04-04,Australia,9.0,0.0,29357.0,909.0,81.0,0.0,151.0,0.0
2021-04-05,Australia,8.0,0.0,29365.0,909.0,69.0,0.0,154.0,0.0
2021-04-06,Australia,14.0,0.0,29379.0,909.0,75.0,0.0,158.0,0.0
2021-04-07,Australia,6.0,0.0,29385.0,909.0,63.0,0.0,155.0,0.0
2021-04-08,Australia,5.0,0.0,29390.0,909.0,57.0,0.0,151.0,0.0
2021-04-09,Australia,6.0,0.0,29396.0,909.0,55.0,0.0,144.0,0.0
2021-04-10,Australia,9.0,0.0,29405.0,909.0,57.0,0.0,146.0,0.0
2021-04-11,Australia,14.0,0.0,29419.0,909.0,62.0,0.0,143.0,0.0
2021-04-12,Australia,10.0,1.0,29429.0,910.0,64.0,1.0,133.0,1.0
2021-04-13,Australia,21.0,0.0,29450.0,910.0,71.0,1.0,146.0,1.0
2021-04-14,Australia,19.0,0.0,29469.0,910.0,84.0,1.0,147.0,1.0
2021-04-15,Australia,15.0,0.0,29484.0,910.0,94.0,1.0,151.0,1.0
2021-04-16,Australia,15.0,0.0,29499.0,910.0,103.0,1.0,158.0,1.0
2021-04-17,Australia,20.0,0.0,29519.0,910.0,114.0,1.0,171.0,1.0
2021-04-18,Australia,14.0,0.0,29533.0,910.0,114.0,1.0,176.0,1.0
2021-04-19,Australia,23.0,0.0,29556.0,910.0,127.0,0.0,191.0,1.0
2021-04-20,Australia,20.0,0.0,29576.0,910.0,126.0,0.0,197.0,1.0
2021-04-21,Australia,18.0,0.0,29594.0,910.0,125.0,0.0,209.0,1.0
2021-04-22,Australia,44.0,0.0,29638.0,910.0,154.0,0.0,248.0,1.0
2021-04-23,Australia,15.0,0.0,29653.0,910.0,154.0,0.0,257.0,1.0
2021-04-24,Australia,10.0,0.0,29663.0,910.0,144.0,0.0,258.0,1.0
2021-04-25,Australia,17.0,0.0,29680.0,910.0,147.0,0.0,261.0,1.0
2021-04-26,Australia,37.0,0.0,29717.0,910.0,161.0,0.0,288.0,0.0
2021-04-27,Australia,33.0,0.0,29750.0,910.0,174.0,0.0,300.0,0.0
2021-04-28,Australia,23.0,0.0,29773.0,910.0,179.0,0.0,304.0,0.0
2021-04-29,Australia,25.0,0.0,29798.0,910.0,160.0,0.0,314.0,0.0
2021-04-30,Australia,13.0,0.0,29811.0,910.0,158.0,0.0,312.0,0.0
2021-05-01,Australia,13.0,0.0,29824.0,910.0,161.0,0.0,305.0,0.0
2021-05-02,Australia,14.0,0.0,29838.0,910.0,158.0,0.0,305.0,0.0
2021-05-03,Australia,12.0,0.0,29850.0,910.0,133.0,0.0,294.0,0.0
2021-05-04,Australia,15.0,0.0,29865.0,910.0,115.0,0.0,289.0,0.0
2021-05-05,Australia,19.0,0.0,29884.0,910.0,111.0,0.0,290.0,0.0
2021-05-06,Australia,9.0,0.0,29893.0,910.0,95.0,0.0,255.0,0.0
2021-05-07,Australia,13.0,0.0,29906.0,910.0,95.0,0.0,253.0,0.0
2021-05-08,Australia,16.0,0.0,29922.0,910.0,98.0,0.0,259.0,0.0
2021-05-09,Australia,9.0,0.0,29931.0,910.0,93.0,0.0,251.0,0.0
2021-05-10,Australia,7.0,0.0,29938.0,910.0,88.0,0.0,221.0,0.0
2021-05-11,Australia,8.0,0.0,29946.0,910.0,81.0,0.0,196.0,0.0
2021-05-12,Australia,9.0,0.0,29955.0,910.0,71.0,0.0,182.0,0.0
2021-05-13,Australia,2.0,0.0,29957.0,910.0,64.0,0.0,159.0,0.0
2021-05-14,Australia,7.0,0.0,29964.0,910.0,58.0,0.0,153.0,0.0
2021-05-15,Australia,11.0,0.0,29975.0,910.0,53.0,0.0,151.0,0.0
2021-05-16,Australia,3.0,0.0,29978.0,910.0,47.0,0.0,140.0,0.0
2021-05-17,Australia,5.0,0.0,29983.0,910.0,45.0,0.0,133.0,0.0
2021-05-18,Australia,9.0,0.0,29992.0,910.0,46.0,0.0,127.0,0.0
2021-05-19,Australia,3.0,0.0,29995.0,910.0,40.0,0.0,111.0,0.0
2021-05-20,Australia,4.0,0.0,29999.0,910.0,42.0,0.0,106.0,0.0
2021-05-21,Australia,4.0,0.0,30003.0,910.0,39.0,0.0,97.0,0.0
2021-05-22,Australia,4.0,0.0,30007.0,910.0,32.0,0.0,85.0,0.0
2021-05-23,Australia,12.0,0.0,30019.0,910.0,41.0,0.0,88.0,0.0
2021-05-24,Australia,10.0,0.0,30029.0,910.0,46.0,0.0,91.0,0.0
2021-05-25,Australia,17.0,0.0,30046.0,910.0,54.0,0.0,100.0,0.0
2021-05-26,Australia,17.0,0.0,30063.0,910.0,68.0,0.0,108.0,0.0
2021-05-27,Australia,11.0,0.0,30074.0,910.0,75.0,0.0,117.0,0.0
2021-05-28,Australia,9.0,0.0,30083.0,910.0,80.0,0.0,119.0,0.0
2021-05-29,Australia,13.0,0.0,30096.0,910.0,89.0,0.0,121.0,0.0
2021-05-30,Australia,9.0,0.0,30105.0,910.0,86.0,0.0,127.0,0.0
2021-05-31,Australia,13.0,0.0,30118.0,910.0,89.0,0.0,135.0,0.0
2021-06-01,Australia,6.0,0.0,30124.0,910.0,78.0,0.0,132.0,0.0
2021-06-02,Australia,13.0,0.0,30137.0,910.0,74.0,0.0,142.0,0.0
2021-06-03,Australia,4.0,0.0,30141.0,910.0,67.0,0.0,142.0,0.0
2021-06-04,Australia,16.0,0.0,30157.0,910.0,74.0,0.0,154.0,0.0
2021-06-05,Australia,16.0,0.0,30173.0,910.0,77.0,0.0,166.0,0.0
2021-06-06,Australia,18.0,0.0,30191.0,910.0,86.0,0.0,172.0,0.0
2021-06-07,Australia,14.0,0.0,30205.0,910.0,87.0,0.0,176.0,0.0
2021-06-08,Australia,5.0,0.0,30210.0,910.0,86.0,0.0,164.0,0.0
2021-06-09,Australia,15.0,0.0,30225.0,910.0,88.0,0.0,162.0,0.0
2021-06-10,Australia,3.0,0.0,30228.0,910.0,87.0,0.0,154.0,0.0
2021-06-11,Australia,6.0,0.0,30234.0,910.0,77.0,0.0,151.0,0.0
2021-06-12,Australia,14.0,0.0,30248.0,910.0,75.0,0.0,152.0,0.0
2021-06-13,Australia,14.0,0.0,30262.0,910.0,71.0,0.0,157.0,0.0
2021-06-14,Australia,11.0,0.0,30273.0,910.0,68.0,0.0,155.0,0.0
2021-06-15,Australia,13.0,0.0,30286.0,910.0,76.0,0.0,162.0,0.0
2021-06-16,Australia,15.0,0.0,30301.0,910.0,76.0,0.0,164.0,0.0
2021-06-17,Australia,8.0,0.0,30309.0,910.0,81.0,0.0,168.0,0.0
2021-06-18,Australia,13.0,0.0,30322.0,910.0,88.0,0.0,165.0,0.0
2021-06-19,Australia,9.0,0.0,30331.0,910.0,83.0,0.0,158.0,0.0
2021-06-20,Australia,24.0,0.0,30355.0,910.0,93.0,0.0,164.0,0.0
2021-06-21,Australia,11.0,0.0,30366.0,910.0,93.0,0.0,161.0,0.0
2021-06-22,Australia,14.0,0.0,30380.0,910.0,94.0,0.0,170.0,0.0
2021-06-23,Australia,24.0,0.0,30404.0,910.0,103.0,0.0,179.0,0.0
2021-06-24,Australia,20.0,0.0,30424.0,910.0,115.0,0.0,196.0,0.0
2021-06-25,Australia,33.0,0.0,30457.0,910.0,135.0,0.0,223.0,0.0
2021-06-26,Australia,42.0,0.0,30499.0,910.0,168.0,0.0,251.0,0.0
2021-06-27,Australia,29.0,0.0,30528.0,910.0,173.0,0.0,266.0,0.0
2021-06-28,Australia,32.0,0.0,30560.0,910.0,194.0,0.0,287.0,0.0
2021-06-29,Australia,42.0,0.0,30602.0,910.0,222.0,0.0,316.0,0.0
2021-06-30,Australia,41.0,0.0,30643.0,910.0,239.0,0.0,342.0,0.0
2021-07-01,Australia,41.0,0.0,30684.0,910.0,260.0,0.0,375.0,0.0
2021-07-02,Australia,50.0,0.0,30734.0,910.0,277.0,0.0,412.0,0.0
2021-07-03,Australia,19.0,0.0,30753.0,910.0,254.0,0.0,422.0,0.0
2021-07-04,Australia,51.0,0.0,30804.0,910.0,276.0,0.0,449.0,0.0
2021-07-05,Australia,27.0,0.0,30831.0,910.0,271.0,0.0,465.0,0.0
2021-07-06,Australia,30.0,0.0,30861.0,910.0,259.0,0.0,481.0,0.0
2021-07-07,Australia,42.0,0.0,30903.0,910.0,260.0,0.0,499.0,0.0
2021-07-08,Australia,48.0,0.0,30951.0,910.0,267.0,0.0,527.0,0.0
2021-07-09,Australia,64.0,0.0,31015.0,910.0,281.0,0.0,558.0,0.0
2021-07-10,Australia,85.0,1.0,31100.0,911.0,347.0,1.0,601.0,1.0
2021-07-11,Australia,121.0,0.0,31221.0,911.0,417.0,1.0,693.0,1.0
2021-07-12,Australia,102.0,1.0,31323.0,912.0,492.0,2.0,763.0,2.0
2021-07-13,Australia,106.0,0.0,31429.0,912.0,568.0,2.0,827.0,2.0
2021-07-14,Australia,84.0,0.0,31513.0,912.0,610.0,2.0,870.0,2.0
2021-07-15,Australia,113.0,0.0,31626.0,912.0,675.0,2.0,942.0,2.0
2021-07-16,Australia,145.0,1.0,31771.0,913.0,756.0,3.0,1037.0,3.0
2021-07-17,Australia,128.0,1.0,31899.0,914.0,799.0,3.0,1146.0,4.0
2021-07-18,Australia,117.0,0.0,32016.0,914.0,795.0,3.0,1212.0,4.0
2021-07-19,Australia,104.0,1.0,32120.0,915.0,797.0,3.0,1289.0,5.0
2021-07-20,Australia,146.0,0.0,32266.0,915.0,837.0,3.0,1405.0,5.0
2021-07-21,Australia,160.0,0.0,32426.0,915.0,913.0,3.0,1523.0,5.0
2021-07-22,Australia,156.0,1.0,32582.0,916.0,956.0,4.0,1631.0,6.0
2021-07-23,Australia,171.0,0.0,32753.0,916.0,982.0,3.0,1738.0,6.0
2021-07-24,Australia,165.0,2.0,32918.0,918.0,1019.0,4.0,1818.0,7.0
2021-07-25,Australia,164.0,0.0,33082.0,918.0,1066.0,4.0,1861.0,7.0
2021-07-26,Australia,184.0,4.0,33266.0,922.0,1146.0,7.0,1943.0,10.0
2021-07-27,Australia,207.0,,33473.0,921.0,1207.0,,2044.0,
2021-07-28,Australia,253.0,2.0,33726.0,923.0,1300.0,9.0,2213.0,12.0
2021-07-29,Australia,183.0,0.0,33909.0,923.0,1327.0,8.0,2283.0,12.0
2021-07-30,Australia,221.0,1.0,34130.0,924.0,1377.0,9.0,2359.0,12.0
2021-07-31,Australia,253.0,0.0,34383.0,924.0,1465.0,7.0,2484.0,11.0
2021-08-01,Australia,229.0,1.0,34612.0,925.0,1530.0,8.0,2596.0,12.0
2021-08-02,Australia,224.0,0.0,34836.0,925.0,1570.0,4.0,2716.0,11.0
2021-08-03,Australia,253.0,2.0,35089.0,927.0,1616.0,6.0,2823.0,13.0
2021-08-04,Australia,302.0,5.0,35391.0,932.0,1665.0,9.0,2965.0,18.0
2021-08-05,Australia,307.0,1.0,35698.0,933.0,1789.0,10.0,3116.0,18.0
2021-08-06,Australia,353.0,6.0,36051.0,939.0,1921.0,15.0,3298.0,24.0
2021-08-07,Australia,277.0,,36328.0,938.0,1945.0,,3410.0,
2021-08-08,Australia,302.0,1.0,36630.0,939.0,2018.0,15.0,3548.0,
2021-08-09,Australia,380.0,4.0,37010.0,943.0,2174.0,19.0,3744.0,
2021-08-10,Australia,367.0,2.0,37377.0,945.0,2288.0,19.0,3904.0,25.0
2021-08-11,Australia,372.0,2.0,37749.0,947.0,2358.0,16.0,4023.0,25.0
2021-08-12,Australia,416.0,2.0,38165.0,949.0,2467.0,17.0,4256.0,27.0
2021-08-13,Australia,493.0,4.0,38658.0,953.0,2607.0,15.0,4528.0,30.0
2021-08-14,Australia,439.0,5.0,39097.0,958.0,2769.0,20.0,4714.0,35.0
2021-08-15,Australia,518.0,8.0,39615.0,966.0,2985.0,27.0,5003.0,42.0
2021-08-16,Australia,482.0,1.0,40097.0,967.0,3087.0,24.0,5261.0,43.0
2021-08-17,Australia,677.0,3.0,40774.0,970.0,3397.0,25.0,5685.0,44.0
2021-08-18,Australia,747.0,2.0,41521.0,972.0,3772.0,25.0,6130.0,41.0
2021-08-19,Australia,707.0,4.0,42228.0,976.0,4063.0,27.0,6530.0,44.0
2021-08-20,Australia,891.0,2.0,43119.0,978.0,4461.0,25.0,7068.0,40.0
2021-08-21,Australia,907.0,3.0,44026.0,981.0,4929.0,23.0,7698.0,43.0
2021-08-22,Australia,894.0,3.0,44920.0,984.0,5305.0,18.0,8290.0,45.0
2021-08-23,Australia,834.0,0.0,45754.0,984.0,5657.0,17.0,8744.0,41.0
2021-08-24,Australia,971.0,2.0,46725.0,986.0,5951.0,16.0,9348.0,41.0
2021-08-25,Australia,1115.0,3.0,47840.0,989.0,6319.0,17.0,10091.0,42.0
2021-08-26,Australia,976.0,2.0,48816.0,991.0,6588.0,15.0,10651.0,42.0
2021-08-27,Australia,1119.0,2.0,49935.0,993.0,6816.0,15.0,11277.0,40.0
2021-08-28,Australia,1321.0,6.0,51256.0,999.0,7230.0,18.0,12159.0,41.0
2021-08-29,Australia,1355.0,4.0,52611.0,1003.0,7691.0,19.0,12996.0,37.0
2021-08-30,Australia,1257.0,3.0,53868.0,1006.0,8114.0,22.0,13771.0,39.0
2021-08-31,Australia,1225.0,6.0,55093.0,1012.0,8368.0,26.0,14319.0,42.0
2021-09-01,Australia,1467.0,7.0,56560.0,1019.0,8720.0,30.0,15039.0,47.0
2021-09-02,Australia,1648.0,13.0,58208.0,1032.0,9392.0,41.0,15980.0,56.0
2021-09-03,Australia,1741.0,4.0,59949.0,1036.0,10014.0,43.0,16830.0,58.0
2021-09-04,Australia,1670.0,3.0,61619.0,1039.0,10363.0,40.0,17593.0,58.0
2021-09-05,Australia,1536.0,5.0,63155.0,1044.0,10544.0,41.0,18235.0,60.0
2021-09-06,Australia,1466.0,8.0,64621.0,1052.0,10753.0,46.0,18867.0,68.0
2021-09-07,Australia,1696.0,8.0,66317.0,1060.0,11224.0,48.0,19592.0,74.0
2021-09-08,Australia,1725.0,6.0,68042.0,1066.0,11482.0,47.0,20202.0,77.0
2021-09-09,Australia,1870.0,10.0,69912.0,1076.0,11704.0,44.0,21096.0,85.0
2021-09-10,Australia,2075.0,8.0,71987.0,1084.0,12038.0,48.0,22052.0,91.0
2021-09-11,Australia,1616.0,7.0,73603.0,1091.0,11984.0,52.0,22347.0,92.0
2021-09-12,Australia,1720.0,7.0,75323.0,1098.0,12168.0,54.0,22712.0,95.0
2021-09-13,Australia,1578.0,4.0,76901.0,1102.0,12280.0,50.0,23033.0,96.0
2021-09-14,Australia,1643.0,14.0,78544.0,1116.0,12227.0,56.0,23451.0,104.0
2021-09-15,Australia,1856.0,12.0,80400.0,1128.0,12358.0,62.0,23840.0,109.0
2021-09-16,Australia,1800.0,13.0,82200.0,1141.0,12288.0,65.0,23992.0,109.0
2021-09-17,Australia,1856.0,7.0,84056.0,1148.0,12069.0,64.0,24107.0,112.0
2021-09-18,Australia,1572.0,14.0,85628.0,1162.0,12025.0,71.0,24009.0,123.0
2021-09-19,Australia,1500.0,5.0,87128.0,1167.0,11805.0,69.0,23973.0,123.0
2021-09-20,Australia,1582.0,11.0,88710.0,1178.0,11809.0,76.0,24089.0,126.0
2021-09-21,Australia,1659.0,8.0,90369.0,1186.0,11825.0,70.0,24052.0,126.0
2021-09-22,Australia,1809.0,10.0,92178.0,1196.0,11778.0,68.0,24136.0,130.0
2021-09-23,Australia,1764.0,12.0,93942.0,1208.0,11742.0,67.0,24030.0,132.0
2021-09-24,Australia,1865.0,12.0,95807.0,1220.0,11751.0,72.0,23820.0,136.0
2021-09-25,Australia,1752.0,11.0,97559.0,1231.0,11931.0,69.0,23956.0,140.0
2021-09-26,Australia,1472.0,14.0,99031.0,1245.0,11903.0,78.0,23708.0,147.0
2021-09-27,Australia,1880.0,11.0,100911.0,1256.0,12201.0,78.0,24010.0,154.0
2021-09-28,Australia,1812.0,23.0,102723.0,1279.0,12354.0,93.0,24179.0,163.0
2021-09-29,Australia,2400.0,12.0,105123.0,1291.0,12945.0,95.0,24723.0,163.0
2021-09-30,Australia,2058.0,20.0,107181.0,1311.0,13239.0,103.0,24981.0,170.0
2021-10-01,Australia,2335.0,10.0,109516.0,1321.0,13709.0,101.0,25460.0,173.0
2021-10-02,Australia,1872.0,13.0,111388.0,1334.0,13829.0,103.0,25760.0,172.0
2021-10-03,Australia,2023.0,12.0,113411.0,1346.0,14380.0,101.0,26283.0,179.0
2021-10-04,Australia,2389.0,11.0,115800.0,1357.0,14889.0,101.0,27090.0,179.0
2021-10-05,Australia,2026.0,22.0,117826.0,1379.0,15103.0,100.0,27457.0,193.0
2021-10-06,Australia,2216.0,10.0,120042.0,1389.0,14919.0,98.0,27864.0,193.0
2021-10-07,Australia,2524.0,16.0,122566.0,1405.0,15385.0,94.0,28624.0,197.0
2021-10-08,Australia,2515.0,16.0,125081.0,1421.0,15565.0,100.0,29274.0,201.0
2021-10-09,Australia,2390.0,11.0,127471.0,1432.0,16083.0,98.0,29912.0,201.0
2021-10-10,Australia,2096.0,16.0,129567.0,1448.0,16156.0,102.0,30536.0,203.0
2021-10-11,Australia,1848.0,13.0,131415.0,1461.0,15615.0,104.0,30504.0,205.0
2021-10-12,Australia,2029.0,17.0,133444.0,1478.0,15618.0,99.0,30721.0,199.0
2021-10-13,Australia,2744.0,18.0,136188.0,1496.0,16146.0,107.0,31065.0,205.0
2021-10-14,Australia,2532.0,11.0,138720.0,1507.0,16154.0,102.0,31539.0,196.0
2021-10-15,Australia,2311.0,8.0,141031.0,1515.0,15950.0,94.0,31515.0,194.0
2021-10-16,Australia,2173.0,17.0,143204.0,1532.0,15733.0,100.0,31816.0,198.0
2021-10-17,Australia,2059.0,11.0,145263.0,1543.0,15696.0,95.0,31852.0,197.0
2021-10-18,Australia,2038.0,15.0,147301.0,1558.0,15886.0,97.0,31501.0,201.0
2021-10-19,Australia,2097.0,19.0,149398.0,1577.0,15954.0,99.0,31572.0,198.0
2021-10-20,Australia,2544.0,13.0,151942.0,1590.0,15754.0,94.0,31900.0,201.0
2021-10-21,Australia,2547.0,21.0,154489.0,1611.0,15769.0,104.0,31923.0,206.0
2021-10-22,Australia,1883.0,11.0,156372.0,1622.0,15341.0,107.0,31291.0,201.0
2021-10-23,Australia,2174.0,15.0,158546.0,1637.0,15342.0,105.0,31075.0,205.0
2021-10-24,Australia,1684.0,11.0,160230.0,1648.0,14967.0,105.0,30663.0,200.0
2021-10-25,Australia,1786.0,5.0,162016.0,1653.0,14715.0,95.0,30601.0,192.0
2021-10-26,Australia,1850.0,16.0,163866.0,1669.0,14468.0,92.0,30422.0,191.0
2021-10-27,Australia,2038.0,27.0,165904.0,1696.0,13962.0,106.0,29716.0,200.0
2021-10-28,Australia,1886.0,12.0,167790.0,1708.0,13301.0,97.0,29070.0,201.0
2021-10-29,Australia,1589.0,14.0,169379.0,1722.0,13007.0,100.0,28348.0,207.0
2021-10-30,Australia,1185.0,13.0,170564.0,1735.0,12018.0,98.0,27360.0,203.0
2021-10-31,Australia,1466.0,8.0,172030.0,1743.0,11800.0,95.0,26767.0,200.0
2021-11-01,Australia,1135.0,13.0,173165.0,1756.0,11149.0,103.0,25864.0,198.0
2021-11-02,Australia,1111.0,12.0,174276.0,1768.0,10410.0,99.0,24878.0,191.0
2021-11-03,Australia,1537.0,13.0,175813.0,1781.0,9909.0,85.0,23871.0,191.0
2021-11-04,Australia,1580.0,14.0,177393.0,1795.0,9603.0,87.0,22904.0,184.0
2021-11-05,Australia,1534.0,10.0,178927.0,1805.0,9548.0,83.0,22555.0,183.0
2021-11-06,Australia,1387.0,10.0,180314.0,1815.0,9750.0,80.0,21768.0,178.0
2021-11-07,Australia,1264.0,12.0,181578.0,1827.0,9548.0,84.0,21348.0,179.0
2021-11-08,Australia,1292.0,14.0,182870.0,1841.0,9705.0,85.0,20854.0,188.0
2021-11-09,Australia,1201.0,17.0,184071.0,1858.0,9795.0,90.0,20205.0,189.0
2021-11-10,Australia,1556.0,4.0,185627.0,1862.0,9814.0,81.0,19723.0,166.0
2021-11-11,Australia,1414.0,11.0,187041.0,1873.0,9648.0,78.0,19251.0,165.0
2021-11-12,Australia,1452.0,4.0,188493.0,1877.0,9566.0,72.0,19114.0,155.0
2021-11-13,Australia,1115.0,5.0,189608.0,1882.0,9294.0,67.0,19044.0,147.0
2021-11-14,Australia,995.0,6.0,190603.0,1888.0,9025.0,61.0,18573.0,145.0
2021-11-15,Australia,1014.0,10.0,191617.0,1898.0,8747.0,57.0,18452.0,142.0
2021-11-16,Australia,1228.0,9.0,192845.0,1907.0,8774.0,49.0,18569.0,139.0
2021-11-17,Australia,1267.0,15.0,194112.0,1922.0,8485.0,60.0,18299.0,141.0
2021-11-18,Australia,1505.0,11.0,195617.0,1933.0,8576.0,60.0,18224.0,138.0
2021-11-19,Australia,1360.0,5.0,196977.0,1938.0,8484.0,61.0,18050.0,133.0
2021-11-20,Australia,1465.0,6.0,198442.0,1944.0,8834.0,62.0,18128.0,129.0
2021-11-21,Australia,1207.0,4.0,199649.0,1948.0,9046.0,60.0,18071.0,121.0
2021-11-22,Australia,1002.0,20.0,200651.0,1968.0,9034.0,70.0,17781.0,127.0
2021-11-23,Australia,1464.0,5.0,202115.0,1973.0,9270.0,66.0,18044.0,115.0
2021-11-24,Australia,1527.0,5.0,203642.0,1978.0,9530.0,56.0,18015.0,116.0
2021-11-25,Australia,1627.0,7.0,205269.0,1985.0,9652.0,52.0,18228.0,112.0
2021-11-26,Australia,1480.0,5.0,206749.0,1990.0,9772.0,52.0,18256.0,113.0
2021-11-27,Australia,1235.0,4.0,207984.0,1994.0,9542.0,50.0,18376.0,112.0
2021-11-28,Australia,1155.0,3.0,209139.0,1997.0,9490.0,49.0,18536.0,109.0
2021-11-29,Australia,1099.0,9.0,210238.0,2006.0,9587.0,38.0,18621.0,108.0
2021-11-30,Australia,1417.0,5.0,211655.0,2011.0,9540.0,38.0,18810.0,104.0
2021-12-01,Australia,1702.0,10.0,213357.0,2021.0,9715.0,43.0,19245.0,99.0
2021-12-02,Australia,1522.0,12.0,214879.0,2033.0,9610.0,48.0,19262.0,100.0
2021-12-03,Australia,1708.0,9.0,216587.0,2042.0,9838.0,52.0,19610.0,104.0
2021-12-04,Australia,1249.0,8.0,217836.0,2050.0,9852.0,56.0,19394.0,106.0
2021-12-05,Australia,1285.0,6.0,219121.0,2056.0,9982.0,59.0,19472.0,108.0
2021-12-06,Australia,1434.0,9.0,220555.0,2065.0,10317.0,59.0,19904.0,97.0
2021-12-07,Australia,1705.0,7.0,222260.0,2072.0,10605.0,61.0,20145.0,99.0
2021-12-08,Australia,1654.0,10.0,223914.0,2082.0,10557.0,61.0,20272.0,104.0
2021-12-09,Australia,1711.0,2.0,225625.0,2084.0,10746.0,51.0,20356.0,99.0
2021-12-10,Australia,1757.0,16.0,227382.0,2100.0,10795.0,58.0,20633.0,110.0
2021-12-11,Australia,1543.0,4.0,228925.0,2104.0,11089.0,54.0,20941.0,110.0
2021-12-12,Australia,1843.0,2.0,230768.0,2106.0,11647.0,50.0,21629.0,109.0
2021-12-13,Australia,1970.0,7.0,232738.0,2113.0,12183.0,48.0,22500.0,107.0
2021-12-14,Australia,2809.0,4.0,235547.0,2117.0,13287.0,45.0,23892.0,106.0
2021-12-15,Australia,3423.0,9.0,238970.0,2126.0,15056.0,44.0,25613.0,105.0
2021-12-16,Australia,3802.0,8.0,242772.0,2134.0,17147.0,50.0,27893.0,101.0
2021-12-17,Australia,4017.0,8.0,246789.0,2142.0,19407.0,42.0,30202.0,100.0
2021-12-18,Australia,3862.0,4.0,250651.0,2146.0,21726.0,42.0,32815.0,96.0
2021-12-19,Australia,4031.0,0.0,254682.0,2146.0,23914.0,40.0,35561.0,90.0
2021-12-20,Australia,4492.0,8.0,259174.0,2154.0,26436.0,41.0,38619.0,89.0
2021-12-21,Australia,5531.0,8.0,264705.0,2162.0,29158.0,45.0,42445.0,90.0
2021-12-22,Australia,8357.0,11.0,273062.0,2173.0,34092.0,47.0,49148.0,91.0
2021-12-23,Australia,8218.0,9.0,281280.0,2182.0,38508.0,48.0,55655.0,98.0
2021-12-24,Australia,9855.0,6.0,291135.0,2188.0,44346.0,46.0,63753.0,88.0
2021-12-25,Australia,9459.0,2.0,300594.0,2190.0,49943.0,44.0,71669.0,86.0
2021-12-26,Australia,9884.0,6.0,310478.0,2196.0,55796.0,50.0,79710.0,90.0
2021-12-27,Australia,11797.0,6.0,322275.0,2202.0,63101.0,48.0,89537.0,89.0
2021-12-28,Australia,17678.0,8.0,339953.0,2210.0,75248.0,48.0,104406.0,93.0
2021-12-29,Australia,21369.0,14.0,361322.0,2224.0,88260.0,51.0,122352.0,98.0
2021-12-30,Australia,33811.0,15.0,395133.0,2239.0,113853.0,57.0,152361.0,105.0
2021-12-31,Australia,30363.0,14.0,425496.0,2253.0,134361.0,65.0,178707.0,111.0
2022-01-01,Australia,37459.0,4.0,462955.0,2257.0,162361.0,67.0,212304.0,111.0
2022-01-02,Australia,29608.0,9.0,492563.0,2266.0,182085.0,70.0,237881.0,120.0
2022-01-03,Australia,44745.0,4.0,537308.0,2270.0,215033.0,68.0,278134.0,116.0
2022-01-04,Australia,71495.0,20.0,608803.0,2290.0,268850.0,80.0,344098.0,128.0
2022-01-05,Australia,75426.0,12.0,684229.0,2302.0,322907.0,78.0,411167.0,129.0
2022-01-06,Australia,78229.0,19.0,762458.0,2321.0,367325.0,82.0,481178.0,139.0
2022-01-07,Australia,98092.0,16.0,860550.0,2337.0,435054.0,84.0,569415.0,149.0
2022-01-08,Australia,111907.0,29.0,972457.0,2366.0,509502.0,109.0,671863.0,176.0
2022-01-09,Australia,72834.0,21.0,1045291.0,2387.0,552728.0,121.0,734813.0,191.0
2022-01-10,Australia,93806.0,28.0,1139097.0,2415.0,601789.0,145.0,816822.0,213.0
2022-01-11,Australia,84408.0,50.0,1223505.0,2465.0,614702.0,175.0,883552.0,255.0
2022-01-12,Australia,175271.0,57.0,1398776.0,2522.0,714547.0,220.0,1037454.0,298.0
2022-01-13,Australia,128185.0,50.0,1526961.0,2572.0,764503.0,251.0,1131828.0,333.0
2022-01-14,Australia,86288.0,49.0,1613249.0,2621.0,752699.0,284.0,1187753.0,368.0
2022-01-15,Australia,112867.0,52.0,1726116.0,2673.0,753659.0,307.0,1263161.0,416.0
2022-01-16,Australia,59891.0,19.0,1786007.0,2692.0,740716.0,305.0,1293444.0,426.0
2022-01-17,Australia,84355.0,81.0,1870362.0,2773.0,731265.0,358.0,1333054.0,503.0
2022-01-18,Australia,84615.0,70.0,1954977.0,2843.0,731472.0,378.0,1346174.0,553.0
2022-01-19,Australia,67604.0,47.0,2022581.0,2890.0,623805.0,368.0,1338352.0,588.0
2022-01-20,Australia,63941.0,88.0,2086522.0,2978.0,559561.0,406.0,1324064.0,657.0
2022-01-21,Australia,43166.0,65.0,2129688.0,3043.0,516439.0,422.0,1269138.0,706.0
2022-01-22,Australia,67182.0,78.0,2196870.0,3121.0,470754.0,448.0,1224413.0,755.0
2022-01-23,Australia,32234.0,27.0,2229104.0,3148.0,443097.0,456.0,1183813.0,761.0
2022-01-24,Australia,58022.0,82.0,2287126.0,3230.0,416764.0,457.0,1148029.0,815.0
2022-01-25,Australia,52920.0,69.0,2340046.0,3299.0,385069.0,456.0,1116541.0,834.0
2022-01-26,Australia,51016.0,91.0,2391062.0,3390.0,368481.0,500.0,992286.0,868.0
2022-01-27,Australia,66223.0,87.0,2457285.0,3477.0,370763.0,499.0,930324.0,905.0
2022-01-28,Australia,65980.0,155.0,2523265.0,3632.0,393577.0,589.0,910016.0,1011.0
2022-01-29,Australia,47258.0,86.0,2570523.0,3718.0,373653.0,597.0,844407.0,1045.0
2022-01-30,Australia,36719.0,42.0,2607242.0,3760.0,378138.0,612.0,821235.0,1068.0
2022-01-31,Australia,,75.0,2580386.0,3835.0,,605.0,,1062.0
2022-02-01,Australia,40146.0,70.0,2620532.0,3905.0,307342.0,606.0,692411.0,1062.0
2022-02-02,Australia,24228.0,82.0,2644760.0,3987.0,280554.0,597.0,649035.0,1097.0
2022-02-03,Australia,32179.0,86.0,2676939.0,4073.0,246510.0,596.0,617273.0,1095.0
2022-02-04,Australia,27336.0,81.0,2704275.0,4154.0,207866.0,522.0,601443.0,1111.0
2022-02-05,Australia,22985.0,46.0,2727260.0,4200.0,183593.0,482.0,557246.0,1079.0
2022-02-06,Australia,25247.0,48.0,2752507.0,4248.0,172121.0,488.0,550259.0,1100.0
2022-02-07,Australia,27373.0,54.0,2779880.0,4302.0,199494.0,467.0,519610.0,1072.0
2022-02-08,Australia,31510.0,71.0,2811390.0,4373.0,190858.0,468.0,498200.0,1074.0
2022-02-09,Australia,11483.0,49.0,2822873.0,4422.0,178113.0,435.0,458667.0,1032.0
2022-02-10,Australia,31250.0,57.0,2854123.0,4479.0,177184.0,406.0,423694.0,1002.0
2022-02-11,Australia,22564.0,64.0,2876687.0,4543.0,172412.0,389.0,380278.0,911.0
2022-02-12,Australia,25607.0,50.0,2902294.0,4593.0,175034.0,393.0,358627.0,875.0
2022-02-13,Australia,12289.0,11.0,2914583.0,4604.0,162076.0,356.0,334197.0,844.0
2022-02-14,Australia,30913.0,60.0,2945496.0,4664.0,165616.0,362.0,365110.0,829.0
2022-02-15,Australia,24394.0,62.0,2969890.0,4726.0,158500.0,353.0,349358.0,821.0
2022-02-16,Australia,,71.0,2967316.0,4797.0,,375.0,,810.0
2022-02-17,Australia,22729.0,36.0,2990045.0,4833.0,138496.0,354.0,315680.0,760.0
2022-02-18,Australia,23217.0,45.0,3013262.0,4878.0,139149.0,335.0,311561.0,724.0
2022-02-19,Australia,17376.0,34.0,3030638.0,4912.0,130918.0,319.0,305952.0,712.0
2022-02-20,Australia,18219.0,17.0,3048857.0,4929.0,136848.0,325.0,298924.0,681.0
2022-02-21,Australia,25163.0,37.0,3074020.0,4966.0,131098.0,302.0,296714.0,664.0
2022-02-22,Australia,25229.0,59.0,3099249.0,5025.0,131933.0,299.0,290433.0,652.0
2022-02-23,Australia,24852.0,37.0,3124101.0,5062.0,156785.0,265.0,303802.0,640.0
2022-02-24,Australia,26670.0,33.0,3150771.0,5095.0,160726.0,262.0,299222.0,616.0
2022-02-25,Australia,19803.0,36.0,3170574.0,5131.0,157312.0,253.0,296461.0,588.0
2022-02-26,Australia,17543.0,26.0,3188117.0,5157.0,157479.0,245.0,288397.0,564.0
2022-02-27,Australia,21482.0,14.0,3209599.0,5171.0,160742.0,242.0,297590.0,567.0
2022-02-28,Australia,25418.0,39.0,3235017.0,5210.0,160997.0,244.0,292095.0,546.0
2022-03-01,Australia,21755.0,59.0,3256772.0,5269.0,157523.0,244.0,289456.0,543.0
2022-03-02,Australia,40012.0,47.0,3296784.0,5316.0,172683.0,254.0,329468.0,519.0
2022-03-03,Australia,25159.0,38.0,3321943.0,5354.0,171172.0,259.0,331898.0,521.0
2022-03-04,Australia,22716.0,48.0,3344659.0,5402.0,174085.0,271.0,331397.0,524.0
2022-03-05,Australia,17376.0,14.0,3362035.0,5416.0,173918.0,259.0,331397.0,504.0
2022-03-06,Australia,22182.0,9.0,3384217.0,5425.0,174618.0,254.0,335360.0,496.0
2022-03-07,Australia,44962.0,39.0,3429179.0,5464.0,194162.0,254.0,355159.0,498.0
2022-03-08,Australia,30691.0,31.0,3459870.0,5495.0,203098.0,226.0,360621.0,470.0
2022-03-09,Australia,36335.0,25.0,3496205.0,5520.0,199421.0,204.0,372104.0,458.0
2022-03-10,Australia,31689.0,30.0,3527894.0,5550.0,205951.0,196.0,377123.0,455.0
2022-03-11,Australia,35077.0,21.0,3562971.0,5571.0,218312.0,169.0,392397.0,440.0
2022-03-12,Australia,33495.0,16.0,3596466.0,5587.0,234431.0,171.0,408349.0,430.0
2022-03-13,Australia,26440.0,3.0,3622906.0,5590.0,238689.0,165.0,413307.0,419.0
2022-03-14,Australia,28803.0,25.0,3651709.0,5615.0,222530.0,151.0,416692.0,405.0
2022-03-15,Australia,54309.0,23.0,3706018.0,5638.0,246148.0,143.0,449246.0,369.0
2022-03-16,Australia,57148.0,24.0,3763166.0,5662.0,266961.0,142.0,466382.0,346.0
2022-03-17,Australia,49166.0,29.0,3812332.0,5691.0,284438.0,141.0,490389.0,337.0
2022-03-18,Australia,46952.0,31.0,3859284.0,5722.0,296313.0,151.0,514625.0,320.0
2022-03-19,Australia,40854.0,3.0,3900138.0,5725.0,303672.0,138.0,538103.0,309.0
2022-03-20,Australia,43230.0,11.0,3943368.0,5736.0,320462.0,146.0,559151.0,311.0
2022-03-21,Australia,53063.0,27.0,3996431.0,5763.0,344722.0,148.0,567252.0,299.0
2022-03-22,Australia,57556.0,23.0,4053987.0,5786.0,347969.0,148.0,594117.0,291.0
2022-03-23,Australia,59704.0,31.0,4113691.0,5817.0,350525.0,155.0,617486.0,297.0
2022-03-24,Australia,66782.0,33.0,4180473.0,5850.0,368141.0,159.0,652579.0,300.0
2022-03-25,Australia,47988.0,25.0,4228461.0,5875.0,369177.0,153.0,665490.0,304.0
2022-03-26,Australia,46749.0,18.0,4275210.0,5893.0,375072.0,168.0,678744.0,306.0
2022-03-27,Australia,50971.0,4.0,4326181.0,5897.0,382813.0,161.0,703275.0,307.0
2022-03-28,Australia,55738.0,29.0,4381919.0,5926.0,385488.0,163.0,730210.0,311.0
2022-03-29,Australia,65523.0,33.0,4447442.0,5959.0,393455.0,173.0,741424.0,321.0
2022-03-30,Australia,60239.0,34.0,4507681.0,5993.0,393990.0,176.0,744515.0,331.0
2022-03-31,Australia,65385.0,15.0,4573066.0,6008.0,392593.0,158.0,760734.0,317.0
2022-04-01,Australia,55097.0,,4628163.0,6365.0,399702.0,,768879.0,
2022-04-02,Australia,48097.0,18.0,4676260.0,6383.0,401050.0,133.0,776122.0,301.0
2022-04-03,Australia,40610.0,9.0,4716870.0,6392.0,390689.0,138.0,773502.0,299.0
2022-04-04,Australia,55544.0,33.0,4772414.0,6425.0,390495.0,142.0,775983.0,305.0
2022-04-05,Australia,75797.0,37.0,4848211.0,6462.0,400769.0,146.0,794224.0,319.0
2022-04-06,Australia,62608.0,33.0,4910819.0,6495.0,403138.0,145.0,797128.0,321.0
2022-04-07,Australia,60481.0,31.0,4971300.0,6526.0,398234.0,161.0,790827.0,319.0
2022-04-08,Australia,49317.0,24.0,5020617.0,6550.0,392454.0,185.0,792156.0,318.0
2022-04-09,Australia,39025.0,12.0,5059642.0,6562.0,383382.0,179.0,784432.0,312.0
2022-04-10,Australia,48724.0,7.0,5108366.0,6569.0,391496.0,177.0,782185.0,315.0
2022-04-11,Australia,46267.0,40.0,5154633.0,6609.0,382219.0,184.0,772714.0,326.0
2022-04-12,Australia,53017.0,39.0,5207650.0,6648.0,359439.0,186.0,760208.0,332.0
2022-04-13,Australia,54709.0,45.0,5262359.0,6693.0,351540.0,198.0,754678.0,343.0
2022-04-14,Australia,46499.0,34.0,5308858.0,6727.0,337558.0,201.0,735792.0,362.0
2022-04-15,Australia,36580.0,28.0,5345438.0,6755.0,324821.0,205.0,717275.0,390.0
2022-04-16,Australia,39177.0,24.0,5384615.0,6779.0,324973.0,217.0,708355.0,396.0
2022-04-17,Australia,32365.0,8.0,5416980.0,6787.0,308614.0,218.0,700110.0,395.0
2022-04-18,Australia,42032.0,17.0,5459012.0,6804.0,304379.0,195.0,686598.0,379.0
2022-04-19,Australia,50580.0,41.0,5509592.0,6845.0,301942.0,197.0,661381.0,383.0
2022-04-20,Australia,53901.0,46.0,5563493.0,6891.0,301134.0,198.0,652674.0,396.0
2022-04-21,Australia,49848.0,48.0,5613341.0,6939.0,304483.0,212.0,642041.0,413.0
2022-04-22,Australia,37209.0,39.0,5650550.0,6978.0,305112.0,223.0,629933.0,428.0
2022-04-23,Australia,35052.0,5.0,5685602.0,6983.0,300987.0,204.0,625960.0,421.0
2022-04-24,Australia,33709.0,23.0,5719311.0,7006.0,302331.0,219.0,610945.0,437.0
2022-04-25,Australia,37480.0,46.0,5756791.0,7052.0,297779.0,248.0,602158.0,443.0
2022-04-26,Australia,39909.0,60.0,5796700.0,7112.0,287108.0,267.0,589050.0,464.0
2022-04-27,Australia,50876.0,52.0,5847576.0,7164.0,284083.0,273.0,585217.0,471.0
2022-04-28,Australia,41780.0,23.0,5889356.0,7187.0,276015.0,248.0,580498.0,460.0
2022-04-29,Australia,38172.0,49.0,5927528.0,7236.0,276978.0,258.0,582090.0,481.0
2022-04-30,Australia,25614.0,14.0,5953142.0,7250.0,267540.0,267.0,568527.0,471.0
2022-05-01,Australia,39217.0,,5992359.0,7244.0,273048.0,,575379.0,
2022-05-02,Australia,37881.0,66.0,6030240.0,7310.0,273449.0,264.0,571228.0,512.0
2022-05-03,Australia,42324.0,45.0,6072564.0,7355.0,275864.0,249.0,562972.0,516.0
2022-05-04,Australia,58258.0,68.0,6130822.0,7423.0,283246.0,265.0,567329.0,538.0
2022-05-05,Australia,40811.0,30.0,6171633.0,7453.0,282277.0,272.0,558292.0,520.0
2022-05-06,Australia,36035.0,42.0,6207668.0,7495.0,280140.0,265.0,557118.0,523.0
2022-05-07,Australia,38806.0,14.0,6246474.0,7509.0,293332.0,265.0,560872.0,532.0
2022-05-08,Australia,40457.0,7.0,6286931.0,7516.0,294572.0,272.0,567620.0,516.0
2022-05-09,Australia,48033.0,43.0,6334964.0,7559.0,304724.0,249.0,578173.0,513.0
2022-05-10,Australia,57054.0,57.0,6392018.0,7616.0,319454.0,261.0,595318.0,510.0
2022-05-11,Australia,57348.0,52.0,6449366.0,7668.0,318544.0,245.0,601790.0,510.0
2022-05-12,Australia,47516.0,50.0,6496882.0,7718.0,325249.0,265.0,607526.0,537.0
2022-05-13,Australia,51486.0,51.0,6548368.0,7769.0,340700.0,274.0,620840.0,539.0
2022-05-14,Australia,41698.0,25.0,6590066.0,7794.0,343592.0,285.0,636924.0,550.0
2022-05-15,Australia,45774.0,13.0,6635840.0,7807.0,348909.0,291.0,643481.0,563.0
2022-05-16,Australia,67455.0,65.0,6703295.0,7872.0,368331.0,313.0,673055.0,562.0
2022-05-17,Australia,56461.0,54.0,6759756.0,7926.0,367738.0,310.0,687192.0,571.0
2022-05-18,Australia,53985.0,51.0,6813741.0,7977.0,364375.0,309.0,682919.0,554.0
2022-05-19,Australia,50229.0,51.0,6863970.0,8028.0,367088.0,310.0,692337.0,575.0
2022-05-20,Australia,46485.0,48.0,6910455.0,8076.0,362087.0,307.0,702787.0,581.0
2022-05-21,Australia,38512.0,21.0,6948967.0,8097.0,358901.0,303.0,702493.0,588.0
2022-05-22,Australia,34087.0,12.0,6983054.0,8109.0,347214.0,302.0,696123.0,593.0
2022-05-23,Australia,42868.0,69.0,7025922.0,8178.0,322627.0,306.0,690958.0,619.0
2022-05-24,Australia,45792.0,40.0,7071714.0,8218.0,311958.0,292.0,679696.0,602.0
2022-05-25,Australia,46028.0,117.0,7117742.0,8335.0,304001.0,358.0,668376.0,667.0
2022-05-26,Australia,39563.0,32.0,7157305.0,8367.0,293335.0,339.0,660423.0,649.0
2022-05-27,Australia,32621.0,65.0,7189926.0,8432.0,279471.0,356.0,641558.0,663.0
2022-05-28,Australia,26877.0,28.0,7216803.0,8460.0,267836.0,363.0,626737.0,666.0
2022-05-29,Australia,25916.0,10.0,7242719.0,8470.0,259665.0,361.0,606879.0,663.0
2022-05-30,Australia,33976.0,55.0,7276695.0,8525.0,250773.0,347.0,573400.0,653.0
2022-05-31,Australia,35713.0,33.0,7312408.0,8558.0,240694.0,340.0,552652.0,632.0
2022-06-01,Australia,33716.0,43.0,7346124.0,8601.0,228382.0,266.0,532383.0,624.0
2022-06-02,Australia,31897.0,61.0,7378021.0,8662.0,220716.0,295.0,514051.0,634.0
2022-06-03,Australia,27521.0,60.0,7405542.0,8722.0,215616.0,290.0,495087.0,646.0
2022-06-04,Australia,20127.0,27.0,7425669.0,8749.0,208866.0,289.0,476702.0,652.0
2022-06-05,Australia,23253.0,22.0,7448922.0,8771.0,206203.0,301.0,465868.0,662.0
2022-06-06,Australia,27503.0,31.0,7476425.0,8802.0,199730.0,277.0,450503.0,624.0
2022-06-07,Australia,33223.0,58.0,7509648.0,8860.0,197240.0,302.0,437934.0,642.0
2022-06-08,Australia,32433.0,59.0,7542081.0,8919.0,195957.0,318.0,424339.0,584.0
2022-06-09,Australia,29548.0,40.0,7571629.0,8959.0,193608.0,297.0,414324.0,592.0
2022-06-10,Australia,26085.0,65.0,7597714.0,9024.0,192172.0,302.0,407788.0,592.0
2022-06-11,Australia,16393.0,24.0,7614107.0,9048.0,188438.0,299.0,397304.0,588.0
2022-06-12,Australia,20880.0,10.0,7634987.0,9058.0,186065.0,287.0,392268.0,588.0
2022-06-13,Australia,25763.0,31.0,7660750.0,9089.0,184325.0,287.0,384055.0,564.0
2022-06-14,Australia,30960.0,57.0,7691710.0,9146.0,182062.0,286.0,379302.0,588.0
2022-06-15,Australia,32325.0,72.0,7724035.0,9218.0,181954.0,299.0,377911.0,617.0
2022-06-16,Australia,29765.0,51.0,7753800.0,9269.0,182171.0,310.0,375779.0,607.0
2022-06-17,Australia,24843.0,63.0,7778643.0,9332.0,180929.0,308.0,373101.0,610.0
2022-06-18,Australia,22598.0,40.0,7801241.0,9372.0,187134.0,324.0,375572.0,623.0
2022-06-19,Australia,24418.0,15.0,7825659.0,9387.0,190672.0,329.0,376737.0,616.0
2022-06-20,Australia,29256.0,58.0,7854915.0,9445.0,194165.0,356.0,378490.0,643.0
2022-06-21,Australia,32895.0,62.0,7887810.0,9507.0,196100.0,361.0,378162.0,647.0
2022-06-22,Australia,32034.0,52.0,7919844.0,9559.0,195809.0,341.0,377763.0,640.0
2022-06-23,Australia,25882.0,44.0,7945726.0,9603.0,191926.0,334.0,374097.0,644.0
2022-06-24,Australia,33149.0,52.0,7978875.0,9655.0,200232.0,323.0,381161.0,631.0
2022-06-25,Australia,21437.0,27.0,8000312.0,9682.0,199071.0,310.0,386205.0,634.0
2022-06-26,Australia,25997.0,23.0,8026309.0,9705.0,200650.0,318.0,391322.0,647.0
2022-06-27,Australia,31420.0,53.0,8057729.0,9758.0,202814.0,313.0,396979.0,669.0
2022-06-28,Australia,24137.0,55.0,8081866.0,9813.0,194056.0,306.0,390156.0,667.0
2022-06-29,Australia,49061.0,84.0,8130927.0,9897.0,211083.0,338.0,406892.0,679.0
2022-06-30,Australia,33746.0,33.0,8164673.0,9930.0,218947.0,327.0,410873.0,661.0
2022-07-01,Australia,30236.0,54.0,8194909.0,9984.0,216034.0,329.0,416266.0,652.0
2022-07-02,Australia,30215.0,30.0,8225124.0,10014.0,224812.0,332.0,423883.0,642.0
2022-07-03,Australia,29723.0,26.0,8254847.0,10040.0,228538.0,335.0,429188.0,653.0
2022-07-04,Australia,36552.0,45.0,8291399.0,10085.0,233670.0,327.0,436484.0,640.0
2022-07-05,Australia,43403.0,45.0,8334802.0,10130.0,252936.0,317.0,446992.0,623.0
2022-07-06,Australia,43130.0,61.0,8377932.0,10191.0,247005.0,294.0,458088.0,632.0
2022-07-07,Australia,41743.0,34.0,8419675.0,10225.0,255002.0,295.0,473949.0,622.0
2022-07-08,Australia,33912.0,73.0,8453587.0,10298.0,258678.0,314.0,474712.0,643.0
2022-07-09,Australia,34730.0,16.0,8488317.0,10314.0,263193.0,300.0,488005.0,632.0
2022-07-10,Australia,28530.0,12.0,8516847.0,10326.0,262000.0,286.0,490538.0,621.0
2022-07-11,Australia,44724.0,58.0,8561571.0,10384.0,270172.0,299.0,503842.0,626.0
2022-07-12,Australia,44415.0,58.0,8605986.0,10442.0,271184.0,312.0,524120.0,629.0
2022-07-13,Australia,47095.0,73.0,8653081.0,10515.0,275149.0,324.0,522154.0,618.0
2022-07-14,Australia,38769.0,63.0,8691850.0,10578.0,272175.0,353.0,527177.0,648.0
2022-07-15,Australia,42723.0,81.0,8734573.0,10659.0,280986.0,361.0,539664.0,675.0
2022-07-16,Australia,38914.0,30.0,8773487.0,10689.0,285170.0,375.0,548363.0,675.0
2022-07-17,Australia,37787.0,26.0,8811274.0,10715.0,294427.0,389.0,556427.0,675.0
2022-07-18,Australia,51973.0,79.0,8863247.0,10794.0,301676.0,410.0,571848.0,709.0
2022-07-19,Australia,48902.0,90.0,8912149.0,10884.0,306163.0,442.0,577347.0,754.0
2022-07-20,Australia,54989.0,84.0,8967138.0,10968.0,314057.0,453.0,589206.0,777.0
2022-07-21,Australia,51827.0,60.0,9018965.0,11028.0,327115.0,450.0,599290.0,803.0
2022-07-22,Australia,46310.0,106.0,9065275.0,11134.0,330702.0,475.0,611688.0,836.0
2022-07-23,Australia,38046.0,38.0,9103321.0,11172.0,329834.0,483.0,615004.0,858.0
2022-07-24,Australia,32789.0,13.0,9136110.0,11185.0,324836.0,470.0,619263.0,859.0
2022-07-25,Australia,49626.0,115.0,9185736.0,11300.0,322489.0,506.0,624165.0,916.0
2022-07-26,Australia,49460.0,86.0,9235196.0,11386.0,323047.0,502.0,629210.0,944.0
2022-07-27,Australia,47075.0,126.0,9282271.0,11512.0,315133.0,544.0,629190.0,997.0
2022-07-28,Australia,44170.0,157.0,9326441.0,11669.0,307476.0,641.0,634591.0,1091.0
2022-07-29,Australia,50042.0,135.0,9376483.0,11804.0,311208.0,670.0,641910.0,1145.0
2022-07-30,Australia,31846.0,42.0,9408329.0,11846.0,305008.0,674.0,634842.0,1157.0
2022-07-31,Australia,27510.0,19.0,9435839.0,11865.0,299729.0,680.0,624565.0,1150.0
2022-08-01,Australia,37443.0,92.0,9473282.0,11957.0,287546.0,657.0,610035.0,1163.0
2022-08-02,Australia,43942.0,69.0,9517224.0,12026.0,282028.0,640.0,605075.0,1142.0
2022-08-03,Australia,37214.0,85.0,9554438.0,12111.0,272167.0,599.0,587300.0,1143.0
2022-08-04,Australia,32546.0,90.0,9586984.0,12201.0,260543.0,532.0,568019.0,1173.0
2022-08-05,Australia,28479.0,88.0,9615463.0,12289.0,238980.0,485.0,550188.0,1155.0
2022-08-06,Australia,22616.0,32.0,9638079.0,12321.0,229750.0,475.0,534758.0,1149.0
2022-08-07,Australia,18010.0,14.0,9656089.0,12335.0,220250.0,470.0,519979.0,1150.0
2022-08-08,Australia,28604.0,104.0,9684693.0,12439.0,211411.0,482.0,498957.0,1139.0
2022-08-09,Australia,25024.0,121.0,9709717.0,12560.0,192493.0,534.0,474521.0,1174.0
2022-08-10,Australia,19917.0,57.0,9729634.0,12617.0,175196.0,506.0,447363.0,1105.0
2022-08-11,Australia,30527.0,122.0,9760161.0,12739.0,173177.0,538.0,433720.0,1070.0
2022-08-12,Australia,18679.0,81.0,9778840.0,12820.0,163377.0,531.0,402357.0,1016.0
2022-08-13,Australia,16113.0,42.0,9794953.0,12862.0,156874.0,541.0,386624.0,1016.0
2022-08-14,Australia,15543.0,24.0,9810496.0,12886.0,154407.0,551.0,374657.0,1021.0
2022-08-15,Australia,18249.0,68.0,9828745.0,12954.0,144052.0,515.0,355463.0,997.0
2022-08-16,Australia,20829.0,70.0,9849574.0,13024.0,139857.0,464.0,332350.0,998.0
2022-08-17,Australia,21014.0,129.0,9870588.0,13153.0,140954.0,536.0,316150.0,1042.0
2022-08-18,Australia,17086.0,76.0,9887674.0,13229.0,127513.0,490.0,300690.0,1028.0
2022-08-19,Australia,14995.0,96.0,9902669.0,13325.0,123829.0,505.0,287206.0,1036.0
2022-08-20,Australia,9150.0,35.0,9911819.0,13360.0,116866.0,498.0,273740.0,1039.0
2022-08-21,Australia,10430.0,9.0,9922249.0,13369.0,111753.0,483.0,266160.0,1034.0
2022-08-22,Australia,11639.0,87.0,9933888.0,13456.0,105143.0,502.0,249195.0,1017.0
2022-08-23,Australia,15025.0,61.0,9948913.0,13517.0,99339.0,493.0,239196.0,957.0
2022-08-24,Australia,11626.0,17.0,9960539.0,13534.0,89951.0,381.0,230905.0,917.0
2022-08-25,Australia,16197.0,113.0,9976736.0,13647.0,89062.0,418.0,216575.0,908.0
2022-08-26,Australia,11177.0,87.0,9987913.0,13734.0,85244.0,409.0,209073.0,914.0
2022-08-27,Australia,9255.0,15.0,9997168.0,13749.0,85349.0,389.0,202215.0,887.0
2022-08-28,Australia,8688.0,11.0,10005856.0,13760.0,83607.0,391.0,195360.0,874.0
2022-08-29,Australia,12181.0,74.0,10018037.0,13834.0,84149.0,378.0,189292.0,880.0
2022-08-30,Australia,12538.0,66.0,10030575.0,13900.0,81662.0,383.0,181001.0,876.0
2022-08-31,Australia,11506.0,61.0,10042081.0,13961.0,81542.0,427.0,171493.0,808.0
2022-09-01,Australia,9566.0,38.0,10051647.0,13999.0,74911.0,352.0,163973.0,770.0
2022-09-02,Australia,9147.0,54.0,10060794.0,14053.0,72881.0,319.0,158125.0,728.0
2022-09-03,Australia,5935.0,14.0,10066729.0,14067.0,69561.0,318.0,154910.0,707.0
2022-09-04,Australia,6158.0,10.0,10072887.0,14077.0,67031.0,317.0,150638.0,708.0
2022-09-05,Australia,10314.0,68.0,10083201.0,14145.0,65164.0,311.0,149313.0,689.0
2022-09-06,Australia,11799.0,69.0,10095000.0,14214.0,64425.0,314.0,146087.0,697.0
2022-09-07,Australia,8268.0,61.0,10103268.0,14275.0,61187.0,314.0,142729.0,741.0
2022-09-08,Australia,7922.0,84.0,10111190.0,14359.0,59543.0,360.0,134454.0,712.0
2022-09-09,Australia,538.0,62.0,10111728.0,14421.0,50934.0,368.0,123815.0,687.0
2022-09-10,Australia,3082.0,5.0,10114810.0,14426.0,48081.0,359.0,117642.0,677.0
2022-09-11,Australia,4393.0,6.0,10119203.0,14432.0,46316.0,355.0,113347.0,672.0
2022-09-12,Australia,1801.0,25.0,10121004.0,14457.0,37803.0,312.0,102967.0,623.0
2022-09-13,Australia,1871.0,1.0,10122875.0,14458.0,27875.0,244.0,92300.0,558.0
2022-09-14,Australia,0.0,0.0,10122875.0,14458.0,19607.0,183.0,80794.0,497.0
2022-09-15,Australia,27761.0,166.0,10150636.0,14624.0,39446.0,265.0,98989.0,625.0
2022-09-16,Australia,6680.0,125.0,10157316.0,14749.0,45588.0,328.0,96522.0,696.0
2022-09-17,Australia,1129.0,10.0,10158445.0,14759.0,43635.0,333.0,91716.0,692.0
2022-09-18,Australia,1168.0,4.0,10159613.0,14763.0,40410.0,331.0,86726.0,686.0
2022-09-19,Australia,1628.0,20.0,10161241.0,14783.0,40237.0,326.0,78040.0,638.0
2022-09-20,Australia,1568.0,4.0,10162809.0,14787.0,39934.0,329.0,67809.0,573.0
2022-09-21,Australia,1492.0,33.0,10164301.0,14820.0,41426.0,362.0,61033.0,545.0
2022-09-22,Australia,35473.0,104.0,10199774.0,14924.0,49138.0,300.0,88584.0,565.0
2022-09-23,Australia,2017.0,1.0,10201791.0,14925.0,44475.0,176.0,90063.0,504.0
2022-09-24,Australia,0.0,0.0,10201791.0,14925.0,43346.0,166.0,86981.0,499.0
2022-09-25,Australia,2404.0,3.0,10204195.0,14928.0,44582.0,165.0,84992.0,496.0
2022-09-26,Australia,1762.0,22.0,10205957.0,14950.0,44716.0,167.0,84953.0,493.0
2022-09-27,Australia,1630.0,13.0,10207587.0,14963.0,44778.0,176.0,84712.0,505.0
2022-09-28,Australia,1652.0,21.0,10209239.0,14984.0,44938.0,164.0,86364.0,526.0
2022-09-29,Australia,29183.0,187.0,10238422.0,15171.0,38648.0,247.0,87786.0,547.0
2022-09-30,Australia,1231.0,50.0,10239653.0,15221.0,37862.0,296.0,82337.0,472.0
2022-10-01,Australia,978.0,0.0,10240631.0,15221.0,38840.0,296.0,82186.0,462.0
2022-10-02,Australia,1108.0,0.0,10241739.0,15221.0,37544.0,293.0,82126.0,458.0
2022-10-03,Australia,1456.0,7.0,10243195.0,15228.0,37238.0,278.0,81954.0,445.0
2022-10-04,Australia,1532.0,6.0,10244727.0,15234.0,37140.0,271.0,81918.0,447.0
2022-10-05,Australia,1443.0,15.0,10246170.0,15249.0,36931.0,265.0,81869.0,429.0
2022-10-06,Australia,28995.0,81.0,10275165.0,15330.0,36743.0,159.0,75391.0,406.0
2022-10-07,Australia,516.0,39.0,10275681.0,15369.0,36028.0,148.0,73890.0,444.0
2022-10-08,Australia,819.0,0.0,10276500.0,15369.0,35869.0,148.0,74709.0,444.0
2022-10-09,Australia,1039.0,0.0,10277539.0,15369.0,35800.0,148.0,73344.0,441.0
2022-10-10,Australia,1292.0,14.0,10278831.0,15383.0,35636.0,155.0,72874.0,433.0
2022-10-11,Australia,1319.0,6.0,10280150.0,15389.0,35423.0,155.0,72563.0,426.0
2022-10-12,Australia,1237.0,10.0,10281387.0,15399.0,35217.0,150.0,72148.0,415.0
2022-10-13,Australia,26846.0,47.0,10308233.0,15446.0,33068.0,116.0,69811.0,275.0
2022-10-14,Australia,871.0,29.0,10309104.0,15475.0,33423.0,106.0,69451.0,254.0
2022-10-15,Australia,621.0,0.0,10309725.0,15475.0,33225.0,106.0,69094.0,254.0
2022-10-16,Australia,800.0,0.0,10310525.0,15475.0,32986.0,106.0,68786.0,254.0
2022-10-17,Australia,1087.0,12.0,10311612.0,15487.0,32781.0,104.0,68417.0,259.0
2022-10-18,Australia,1206.0,3.0,10312818.0,15490.0,32668.0,101.0,68091.0,256.0
2022-10-19,Australia,1093.0,6.0,10313911.0,15496.0,32524.0,97.0,67741.0,247.0
2022-10-20,Australia,27147.0,34.0,10341058.0,15530.0,32825.0,84.0,65893.0,200.0
2022-10-21,Australia,820.0,39.0,10341878.0,15569.0,32774.0,94.0,66197.0,200.0
2022-10-22,Australia,949.0,0.0,10342827.0,15569.0,33102.0,94.0,66327.0,200.0
2022-10-23,Australia,920.0,0.0,10343747.0,15569.0,33222.0,94.0,66208.0,200.0
2022-10-24,Australia,1509.0,11.0,10345256.0,15580.0,33644.0,93.0,66425.0,197.0
2022-10-25,Australia,1549.0,6.0,10346805.0,15586.0,33987.0,96.0,66655.0,197.0
2022-10-26,Australia,1483.0,3.0,10348288.0,15589.0,34377.0,93.0,66901.0,190.0
2022-10-27,Australia,16347.0,47.0,10364635.0,15636.0,23577.0,106.0,56402.0,190.0
2022-10-28,Australia,10840.0,24.0,10375475.0,15660.0,33597.0,91.0,66371.0,185.0
2022-10-29,Australia,1178.0,0.0,10376653.0,15660.0,33826.0,91.0,66928.0,185.0
2022-10-30,Australia,1135.0,0.0,10377788.0,15660.0,34041.0,91.0,67263.0,185.0
2022-10-31,Australia,1654.0,5.0,10379442.0,15665.0,34186.0,85.0,67830.0,178.0
2022-11-01,Australia,1683.0,0.0,10381125.0,15665.0,34320.0,79.0,68307.0,175.0
2022-11-02,Australia,1880.0,13.0,10383005.0,15678.0,34717.0,89.0,69094.0,182.0
2022-11-03,Australia,19708.0,43.0,10402713.0,15721.0,38078.0,85.0,61655.0,191.0
2022-11-04,Australia,14560.0,65.0,10417273.0,15786.0,41798.0,126.0,75395.0,217.0
2022-11-05,Australia,1713.0,0.0,10418986.0,15786.0,42333.0,126.0,76159.0,217.0
2022-11-06,Australia,1871.0,0.0,10420857.0,15786.0,43069.0,126.0,77110.0,217.0
2022-11-07,Australia,2709.0,6.0,10423566.0,15792.0,44124.0,127.0,78310.0,212.0
2022-11-08,Australia,3373.0,16.0,10426939.0,15808.0,45814.0,143.0,80134.0,222.0
2022-11-09,Australia,3057.0,9.0,10429996.0,15817.0,46991.0,139.0,81708.0,228.0
2022-11-10,Australia,28958.0,38.0,10458954.0,15855.0,56241.0,134.0,94319.0,219.0
2022-11-11,Australia,13146.0,18.0,10472100.0,15873.0,54827.0,87.0,96625.0,213.0
2022-11-12,Australia,7114.0,,10479214.0,15870.0,60228.0,,102561.0,
2022-11-13,Australia,4811.0,0.0,10484025.0,15870.0,63168.0,87.0,106237.0,213.0
2022-11-14,Australia,3192.0,11.0,10487217.0,15881.0,63651.0,92.0,107775.0,219.0
2022-11-15,Australia,3452.0,10.0,10490669.0,15891.0,63730.0,86.0,109544.0,229.0
2022-11-16,Australia,3250.0,8.0,10493919.0,15899.0,63923.0,85.0,110914.0,224.0
2022-11-17,Australia,59318.0,77.0,10553237.0,15976.0,94283.0,124.0,150524.0,258.0
2022-11-18,Australia,2075.0,4.0,10555312.0,15980.0,83212.0,110.0,138039.0,197.0
2022-11-19,Australia,2407.0,0.0,10557719.0,15980.0,78505.0,110.0,138733.0,197.0
2022-11-20,Australia,2561.0,0.0,10560280.0,15980.0,76255.0,110.0,139423.0,197.0
2022-11-21,Australia,3807.0,27.0,10564087.0,16007.0,76870.0,126.0,140521.0,218.0
2022-11-22,Australia,3861.0,7.0,10567948.0,16014.0,77279.0,123.0,141009.0,209.0
2022-11-23,Australia,3840.0,12.0,10571788.0,16026.0,77869.0,127.0,141792.0,212.0
2022-11-24,Australia,55575.0,49.0,10627363.0,16075.0,74126.0,99.0,168409.0,223.0
2022-11-25,Australia,15806.0,25.0,10643169.0,16100.0,87857.0,120.0,171069.0,230.0
2022-11-26,Australia,3427.0,0.0,10646596.0,16100.0,88877.0,120.0,167382.0,230.0
2022-11-27,Australia,3151.0,0.0,10649747.0,16100.0,89467.0,120.0,165722.0,230.0
2022-11-28,Australia,4149.0,19.0,10653896.0,16119.0,89809.0,112.0,166679.0,238.0
2022-11-29,Australia,1700.0,5.0,10655596.0,16124.0,87648.0,110.0,164927.0,233.0
2022-11-30,Australia,4302.0,13.0,10659898.0,16137.0,88110.0,111.0,165979.0,238.0
2022-12-01,Australia,82229.0,66.0,10742127.0,16203.0,114764.0,128.0,188890.0,227.0
2022-12-02,Australia,6018.0,41.0,10748145.0,16244.0,104976.0,144.0,192833.0,264.0
2022-12-03,Australia,3173.0,0.0,10751318.0,16244.0,104722.0,144.0,193599.0,264.0
2022-12-04,Australia,3111.0,0.0,10754429.0,16244.0,104682.0,144.0,194149.0,264.0
2022-12-05,Australia,4843.0,20.0,10759272.0,16264.0,105376.0,145.0,195185.0,257.0
2022-12-06,Australia,4377.0,20.0,10763649.0,16284.0,108053.0,160.0,195701.0,270.0
2022-12-07,Australia,4284.0,20.0,10767933.0,16304.0,108035.0,167.0,196145.0,278.0
2022-12-08,Australia,82634.0,134.0,10850567.0,16438.0,108440.0,235.0,223204.0,363.0
2022-12-09,Australia,6374.0,24.0,10856941.0,16462.0,108796.0,218.0,213772.0,362.0
2022-12-10,Australia,2686.0,0.0,10859627.0,16462.0,108309.0,218.0,213031.0,362.0
2022-12-11,Australia,2873.0,0.0,10862500.0,16462.0,108071.0,218.0,212753.0,362.0
2022-12-12,Australia,4376.0,20.0,10866876.0,16482.0,107604.0,218.0,212980.0,363.0
2022-12-13,Australia,3882.0,10.0,10870758.0,16492.0,107109.0,208.0,215162.0,368.0
2022-12-14,Australia,4209.0,20.0,10874967.0,16512.0,107034.0,208.0,215069.0,375.0
2022-12-15,Australia,75680.0,139.0,10950647.0,16651.0,100080.0,213.0,208520.0,448.0
2022-12-16,Australia,18931.0,41.0,10969578.0,16692.0,112637.0,230.0,221433.0,448.0
2022-12-17,Australia,0.0,0.0,10969578.0,16692.0,109951.0,230.0,218260.0,448.0
2022-12-18,Australia,5796.0,0.0,10975374.0,16692.0,112874.0,230.0,220945.0,448.0
2022-12-19,Australia,3830.0,20.0,10979204.0,16712.0,112328.0,230.0,219932.0,448.0
2022-12-20,Australia,4176.0,22.0,10983380.0,16734.0,112622.0,242.0,219731.0,450.0
2022-12-21,Australia,3578.0,22.0,10986958.0,16756.0,111991.0,244.0,219025.0,452.0
2022-12-22,Australia,81149.0,160.0,11068107.0,16916.0,117460.0,265.0,217540.0,478.0
2022-12-23,Australia,6842.0,24.0,11074949.0,16940.0,105371.0,248.0,218008.0,478.0
2022-12-24,Australia,2242.0,0.0,11077191.0,16940.0,107613.0,248.0,217564.0,478.0
2022-12-25,Australia,1605.0,0.0,11078796.0,16940.0,103422.0,248.0,216296.0,478.0
2022-12-26,Australia,1890.0,0.0,11080686.0,16940.0,101482.0,228.0,213810.0,458.0
2022-12-27,Australia,2117.0,0.0,11082803.0,16940.0,99423.0,206.0,212045.0,448.0
2022-12-28,Australia,2737.0,24.0,11085540.0,16964.0,98582.0,208.0,210573.0,452.0
2022-12-29,Australia,39695.0,63.0,11125235.0,17027.0,57128.0,111.0,174588.0,376.0
2022-12-30,Australia,5048.0,25.0,11130283.0,17052.0,55334.0,112.0,160705.0,360.0
2022-12-31,Australia,1424.0,0.0,11131707.0,17052.0,54516.0,112.0,162129.0,360.0
2023-01-01,Australia,1226.0,0.0,11132933.0,17052.0,54137.0,112.0,157559.0,360.0
2023-01-02,Australia,0.0,0.0,11132933.0,17052.0,52247.0,112.0,153729.0,340.0
2023-01-03,Australia,2172.0,30.0,11135105.0,17082.0,52302.0,142.0,151725.0,348.0
2023-01-04,Australia,1629.0,30.0,11136734.0,17112.0,51194.0,148.0,149776.0,356.0
2023-01-05,Australia,53837.0,173.0,11190571.0,17285.0,65336.0,258.0,122464.0,369.0
2023-01-06,Australia,14949.0,19.0,11205520.0,17304.0,75237.0,252.0,130571.0,364.0
2023-01-07,Australia,0.0,0.0,11205520.0,17304.0,73813.0,252.0,128329.0,364.0
2023-01-08,Australia,3373.0,16.0,11208893.0,17320.0,75960.0,268.0,130097.0,380.0
2023-01-09,Australia,1262.0,29.0,11210155.0,17349.0,77222.0,297.0,129469.0,409.0
2023-01-10,Australia,1150.0,31.0,11211305.0,17380.0,76200.0,298.0,128502.0,440.0
2023-01-11,Australia,1150.0,31.0,11212455.0,17411.0,75721.0,299.0,126915.0,447.0
2023-01-12,Australia,28243.0,270.0,11240698.0,17681.0,50127.0,396.0,115463.0,654.0
2023-01-13,Australia,6714.0,31.0,11247412.0,17712.0,41892.0,408.0,117129.0,660.0
2023-01-14,Australia,0.0,0.0,11247412.0,17712.0,41892.0,408.0,115705.0,660.0
2023-01-15,Australia,0.0,0.0,11247412.0,17712.0,38519.0,392.0,114479.0,660.0
2023-01-16,Australia,0.0,0.0,11247412.0,17712.0,37257.0,363.0,114479.0,660.0
2023-01-17,Australia,0.0,0.0,11247412.0,17712.0,36107.0,332.0,112307.0,630.0
2023-01-18,Australia,0.0,0.0,11247412.0,17712.0,34957.0,301.0,110678.0,600.0
2023-01-19,Australia,18045.0,311.0,11265457.0,18023.0,24759.0,342.0,74886.0,738.0
2023-01-20,Australia,8805.0,69.0,11274262.0,18092.0,26850.0,380.0,68742.0,788.0
2023-01-21,Australia,0.0,0.0,11274262.0,18092.0,26850.0,380.0,68742.0,788.0
2023-01-22,Australia,0.0,0.0,11274262.0,18092.0,26850.0,380.0,65369.0,772.0
2023-01-23,Australia,0.0,0.0,11274262.0,18092.0,26850.0,380.0,64107.0,743.0
2023-01-24,Australia,0.0,0.0,11274262.0,18092.0,26850.0,380.0,62957.0,712.0
2023-01-25,Australia,0.0,0.0,11274262.0,18092.0,26850.0,380.0,61807.0,681.0
2023-01-26,Australia,18467.0,504.0,11292729.0,18596.0,27272.0,573.0,52031.0,915.0
2023-01-27,Australia,2717.0,19.0,11295446.0,18615.0,21184.0,523.0,48034.0,903.0
2023-01-28,Australia,0.0,0.0,11295446.0,18615.0,21184.0,523.0,48034.0,903.0
2023-01-29,Australia,0.0,0.0,11295446.0,18615.0,21184.0,523.0,48034.0,903.0
2023-01-30,Australia,0.0,0.0,11295446.0,18615.0,21184.0,523.0,48034.0,903.0
2023-01-31,Australia,0.0,0.0,11295446.0,18615.0,21184.0,523.0,48034.0,903.0
2023-02-01,Australia,0.0,0.0,11295446.0,18615.0,21184.0,523.0,48034.0,903.0
2023-02-02,Australia,17677.0,213.0,11313123.0,18828.0,20394.0,232.0,47666.0,805.0
2023-02-03,Australia,,0.0,11312904.0,18828.0,,213.0,,736.0
2023-02-04,Australia,0.0,0.0,11312904.0,18828.0,17677.0,213.0,38861.0,736.0
2023-02-05,Australia,0.0,0.0,11312904.0,18828.0,17677.0,213.0,38861.0,736.0
2023-02-06,Australia,0.0,0.0,11312904.0,18828.0,17677.0,213.0,38861.0,736.0
2023-02-07,Australia,0.0,0.0,11312904.0,18828.0,17677.0,213.0,38861.0,736.0
2023-02-08,Australia,0.0,0.0,11312904.0,18828.0,17677.0,213.0,38861.0,736.0
2023-02-09,Australia,14996.0,235.0,11327900.0,19063.0,14996.0,235.0,35390.0,467.0
2023-02-10,Australia,2442.0,7.0,11330342.0,19070.0,17438.0,242.0,35115.0,455.0
2023-02-11,Australia,0.0,0.0,11330342.0,19070.0,17438.0,242.0,35115.0,455.0
2023-02-12,Australia,0.0,0.0,11330342.0,19070.0,17438.0,242.0,35115.0,455.0
2023-02-13,Australia,0.0,0.0,11330342.0,19070.0,17438.0,242.0,35115.0,455.0
2023-02-14,Australia,0.0,0.0,11330342.0,19070.0,17438.0,242.0,35115.0,455.0
2023-02-15,Australia,0.0,0.0,11330342.0,19070.0,17438.0,242.0,35115.0,455.0
2023-02-16,Australia,13091.0,132.0,11343433.0,19202.0,15533.0,139.0,30529.0,374.0
2023-02-17,Australia,4265.0,63.0,11347698.0,19265.0,17356.0,195.0,34794.0,437.0
2023-02-18,Australia,0.0,0.0,11347698.0,19265.0,17356.0,195.0,34794.0,437.0
2023-02-19,Australia,0.0,0.0,11347698.0,19265.0,17356.0,195.0,34794.0,437.0
2023-02-20,Australia,0.0,0.0,11347698.0,19265.0,17356.0,195.0,34794.0,437.0
2023-02-21,Australia,0.0,0.0,11347698.0,19265.0,17356.0,195.0,34794.0,437.0
2023-02-22,Australia,0.0,0.0,11347698.0,19265.0,17356.0,195.0,34794.0,437.0
2023-02-23,Australia,17698.0,106.0,11365396.0,19371.0,21963.0,169.0,37496.0,308.0
2023-02-24,Australia,965.0,2.0,11366361.0,19373.0,18663.0,108.0,36019.0,303.0
2023-02-25,Australia,0.0,0.0,11366361.0,19373.0,18663.0,108.0,36019.0,303.0
2023-02-26,Australia,0.0,0.0,11366361.0,19373.0,18663.0,108.0,36019.0,303.0
2023-02-27,Australia,0.0,0.0,11366361.0,19373.0,18663.0,108.0,36019.0,303.0
2023-02-28,Australia,0.0,0.0,11366361.0,19373.0,18663.0,108.0,36019.0,303.0
2023-03-01,Australia,0.0,0.0,11366361.0,19373.0,18663.0,108.0,36019.0,303.0
2023-03-02,Australia,18540.0,85.0,11384901.0,19458.0,19505.0,87.0,41468.0,256.0
2023-03-03,Australia,633.0,1.0,11385534.0,19459.0,19173.0,86.0,37836.0,194.0
2023-03-04,Australia,0.0,0.0,11385534.0,19459.0,19173.0,86.0,37836.0,194.0
2023-03-05,Australia,0.0,0.0,11385534.0,19459.0,19173.0,86.0,37836.0,194.0
2023-03-06,Australia,0.0,0.0,11385534.0,19459.0,19173.0,86.0,37836.0,194.0
2023-03-07,Australia,0.0,0.0,11385534.0,19459.0,19173.0,86.0,37836.0,194.0
2023-03-08,Australia,0.0,0.0,11385534.0,19459.0,19173.0,86.0,37836.0,194.0
2023-03-09,Australia,13926.0,115.0,11399460.0,19574.0,14559.0,116.0,34064.0,203.0
